date_sk,date,year,quarter,month,month_name,financial_year,quote_volume,policies_issued,conversion_rate,premium_collected,claims_paid,claim_amount,claim_ratio,ai_usage,manual_underwriting_pct,customer_satisfaction,average_journey_time
20250101,2025-01-01,2025,1,1,January,2024-2025,282.0,25.0,8.865248226950355,1367828.0,0.0,0.0,0.0,179.0,52.23880597014925,3.201117318435754,528.8794326241135
20250102,2025-01-02,2025,1,1,January,2024-2025,268.0,23.0,8.582089552238806,1296054.0,0.0,0.0,0.0,395.0,40.98360655737705,3.230379746835443,543.4589552238806
20250103,2025-01-03,2025,1,1,January,2024-2025,256.0,21.0,8.203125,1241639.0,0.0,0.0,0.0,488.0,25.925925925925924,3.3237704918032787,544.3984375
20250104,2025-01-04,2025,1,1,January,2024-2025,276.0,28.0,10.144927536231885,1334404.0,0.0,0.0,0.0,536.0,38.88888888888889,3.3097014925373136,540.8731884057971
20250105,2025-01-05,2025,1,1,January,2024-2025,285.0,17.0,5.964912280701754,1394375.0,0.0,0.0,0.0,523.0,36.92307692307693,3.332695984703633,526.2350877192982
20250106,2025-01-06,2025,1,1,January,2024-2025,263.0,27.0,10.26615969581749,1268286.0,0.0,0.0,0.0,584.0,36.462093862815884,3.4246575342465753,570.1977186311788
20250107,2025-01-07,2025,1,1,January,2024-2025,242.0,29.0,11.983471074380166,1166203.0,0.0,0.0,0.0,535.0,35.27131782945737,3.3345794392523365,545.8429752066115
20250108,2025-01-08,2025,1,1,January,2024-2025,277.0,27.0,9.747292418772563,1340156.0,0.0,0.0,0.0,549.0,35.31598513011153,3.398907103825137,543.9927797833935
20250109,2025-01-09,2025,1,1,January,2024-2025,256.0,30.0,11.71875,1234884.0,0.0,0.0,0.0,529.0,37.5,3.275992438563327,556.16796875
20250110,2025-01-10,2025,1,1,January,2024-2025,276.0,21.0,7.608695652173914,1329285.0,0.0,0.0,0.0,511.0,37.5,3.305283757338552,528.2210144927536
20250111,2025-01-11,2025,1,1,January,2024-2025,279.0,25.0,8.960573476702509,1344416.0,0.0,0.0,0.0,560.0,41.63265306122449,3.282142857142857,531.8817204301075
20250112,2025-01-12,2025,1,1,January,2024-2025,263.0,24.0,9.125475285171103,1274368.0,0.0,0.0,0.0,528.0,39.00709219858156,3.3333333333333335,527.9049429657795
20250113,2025-01-13,2025,1,1,January,2024-2025,272.0,24.0,8.823529411764707,1313736.0,0.0,0.0,0.0,549.0,33.59375,3.278688524590164,549.1948529411765
20250114,2025-01-14,2025,1,1,January,2024-2025,298.0,31.0,10.40268456375839,1438144.0,0.0,0.0,0.0,576.0,38.225255972696246,3.2604166666666665,546.2181208053692
20250115,2025-01-15,2025,1,1,January,2024-2025,263.0,16.0,6.083650190114068,1274594.0,0.0,0.0,0.0,503.0,33.20754716981132,3.246520874751491,533.7984790874525
20250116,2025-01-16,2025,1,1,January,2024-2025,272.0,22.0,8.088235294117647,1314730.0,0.0,0.0,0.0,584.0,39.57597173144876,3.335616438356164,528.0404411764706
20250117,2025-01-17,2025,1,1,January,2024-2025,272.0,29.0,10.661764705882353,1318635.0,0.0,0.0,0.0,533.0,35.78947368421053,3.3677298311444654,571.1102941176471
20250118,2025-01-18,2025,1,1,January,2024-2025,268.0,28.0,10.44776119402985,1297526.0,0.0,0.0,0.0,535.0,31.944444444444443,3.398130841121495,529.8507462686567
20250119,2025-01-19,2025,1,1,January,2024-2025,277.0,30.0,10.830324909747292,1340135.0,0.0,0.0,0.0,548.0,38.74538745387454,3.240875912408759,552.9819494584838
20250120,2025-01-20,2025,1,1,January,2024-2025,236.0,27.0,11.440677966101696,1159722.0,0.0,0.0,0.0,542.0,37.295081967213115,3.440959409594096,582.1144067796611
20250121,2025-01-21,2025,1,1,January,2024-2025,278.0,24.0,8.633093525179856,1345018.0,0.0,0.0,0.0,531.0,36.07843137254902,3.4048964218455744,558.3992805755396
20250122,2025-01-22,2025,1,1,January,2024-2025,262.0,18.0,6.870229007633588,1281626.0,0.0,0.0,0.0,520.0,33.83458646616541,3.296153846153846,546.2595419847328
20250123,2025-01-23,2025,1,1,January,2024-2025,245.0,22.0,8.979591836734693,1175084.0,0.0,0.0,0.0,508.0,37.121212121212125,3.411417322834646,551.2285714285714
20250124,2025-01-24,2025,1,1,January,2024-2025,285.0,21.0,7.368421052631578,1369199.0,0.0,0.0,0.0,518.0,35.26970954356847,3.38996138996139,540.6421052631579
20250125,2025-01-25,2025,1,1,January,2024-2025,285.0,18.0,6.315789473684211,1381791.0,0.0,0.0,0.0,519.0,35.6401384083045,3.2697495183044314,537.6350877192982
20250126,2025-01-26,2025,1,1,January,2024-2025,245.0,22.0,8.979591836734693,1194624.0,0.0,0.0,0.0,549.0,38.28996282527881,3.2695810564663024,536.3428571428572
20250127,2025-01-27,2025,1,1,January,2024-2025,293.0,37.0,12.627986348122866,1440995.0,0.0,0.0,0.0,553.0,41.312741312741316,3.4014466546112114,549.5938566552901
20250128,2025-01-28,2025,1,1,January,2024-2025,275.0,17.0,6.181818181818182,1331991.0,0.0,0.0,0.0,535.0,38.68613138686132,3.250467289719626,532.6436363636363
20250129,2025-01-29,2025,1,1,January,2024-2025,292.0,25.0,8.561643835616438,1418859.0,0.0,0.0,0.0,565.0,38.75432525951557,3.231858407079646,517.054794520548
20250130,2025-01-30,2025,1,1,January,2024-2025,256.0,22.0,8.59375,1241812.0,0.0,0.0,0.0,552.0,39.38356164383562,3.364130434782609,546.6953125
20250131,2025-01-31,2025,1,1,January,2024-2025,268.0,27.0,10.074626865671641,1289725.0,0.0,0.0,0.0,516.0,33.07984790874524,3.37015503875969,552.1828358208955
20250201,2025-02-01,2025,1,2,February,2024-2025,269.0,35.0,13.011152416356877,1297729.0,0.0,0.0,0.0,507.0,37.03703703703704,3.31163708086785,550.0297397769517
20250202,2025-02-02,2025,1,2,February,2024-2025,267.0,25.0,9.363295880149813,1279103.0,0.0,0.0,0.0,522.0,35.97122302158273,3.3486590038314175,539.9176029962547
20250203,2025-02-03,2025,1,2,February,2024-2025,267.0,24.0,8.98876404494382,1272472.0,0.0,0.0,0.0,588.0,40.99616858237548,3.2993197278911564,564.4644194756554
20250204,2025-02-04,2025,1,2,February,2024-2025,251.0,29.0,11.553784860557768,1212988.0,0.0,0.0,0.0,510.0,44.230769230769226,3.2333333333333334,542.4860557768924
20250205,2025-02-05,2025,1,2,February,2024-2025,295.0,32.0,10.847457627118644,1432674.0,0.0,0.0,0.0,568.0,41.30434782608695,3.390845070422535,551.4474576271186
20250206,2025-02-06,2025,1,2,February,2024-2025,290.0,32.0,11.03448275862069,1406507.0,0.0,0.0,0.0,537.0,35.11450381679389,3.2104283054003724,549.0620689655173
20250207,2025-02-07,2025,1,2,February,2024-2025,267.0,29.0,10.861423220973784,1292473.0,0.0,0.0,0.0,574.0,38.43283582089552,3.341463414634146,547.0936329588015
20250208,2025-02-08,2025,1,2,February,2024-2025,259.0,27.0,10.424710424710424,1248843.0,0.0,0.0,0.0,498.0,38.54166666666667,3.3112449799196786,552.5984555984556
20250209,2025-02-09,2025,1,2,February,2024-2025,272.0,31.0,11.397058823529411,1347250.0,0.0,0.0,0.0,552.0,41.52823920265781,3.3568840579710146,549.1323529411765
20250210,2025-02-10,2025,1,2,February,2024-2025,269.0,26.0,9.66542750929368,1289730.0,0.0,0.0,0.0,519.0,36.059479553903344,3.279383429672447,559.9219330855019
20250211,2025-02-11,2025,1,2,February,2024-2025,269.0,27.0,10.037174721189592,1321508.0,0.0,0.0,0.0,530.0,31.6,3.292452830188679,540.7657992565056
20250212,2025-02-12,2025,1,2,February,2024-2025,295.0,39.0,13.220338983050848,1435159.0,0.0,0.0,0.0,553.0,37.7431906614786,3.383363471971067,585.0949152542373
20250213,2025-02-13,2025,1,2,February,2024-2025,272.0,24.0,8.823529411764707,1293693.0,0.0,0.0,0.0,571.0,36.55913978494624,3.320490367775832,527.4595588235294
20250214,2025-02-14,2025,1,2,February,2024-2025,262.0,24.0,9.16030534351145,1279343.0,0.0,0.0,0.0,526.0,33.33333333333333,3.296577946768061,537.6297709923664
20250215,2025-02-15,2025,1,2,February,2024-2025,279.0,45.0,16.129032258064516,1347481.0,0.0,0.0,0.0,587.0,42.96577946768061,3.3543441226575808,594.0394265232975
20250216,2025-02-16,2025,1,2,February,2024-2025,258.0,28.0,10.852713178294573,1239246.0,0.0,0.0,0.0,538.0,38.113207547169814,3.3141263940520447,531.1085271317829
20250217,2025-02-17,2025,1,2,February,2024-2025,294.0,28.0,9.523809523809524,1405112.0,0.0,0.0,0.0,543.0,32.69230769230769,3.3314917127071824,549.9387755102041
20250218,2025-02-18,2025,1,2,February,2024-2025,261.0,32.0,12.260536398467432,1245671.0,0.0,0.0,0.0,578.0,31.751824817518248,3.320069204152249,552.9386973180077
20250219,2025-02-19,2025,1,2,February,2024-2025,283.0,23.0,8.12720848056537,1386619.0,0.0,0.0,0.0,542.0,37.5,3.188191881918819,530.3427561837456
20250220,2025-02-20,2025,1,2,February,2024-2025,256.0,24.0,9.375,1247309.0,0.0,0.0,0.0,541.0,33.57664233576642,3.345656192236599,551.79296875
20250221,2025-02-21,2025,1,2,February,2024-2025,272.0,27.0,9.926470588235293,1303538.0,1.0,141721.0,10.872026745672162,550.0,37.82771535580524,3.370909090909091,548.8713235294117
20250222,2025-02-22,2025,1,2,February,2024-2025,263.0,20.0,7.604562737642586,1274449.0,0.0,0.0,0.0,526.0,35.08771929824561,3.2927756653992395,520.5703422053232
20250223,2025-02-23,2025,1,2,February,2024-2025,315.0,27.0,8.571428571428571,1538702.0,0.0,0.0,0.0,547.0,44.765342960288805,3.3583180987202925,542.4857142857143
20250224,2025-02-24,2025,1,2,February,2024-2025,262.0,22.0,8.396946564885496,1278688.0,0.0,0.0,0.0,553.0,37.142857142857146,3.1772151898734178,538.0190839694657
20250225,2025-02-25,2025,1,2,February,2024-2025,273.0,18.0,6.593406593406594,1316046.0,0.0,0.0,0.0,586.0,38.24561403508772,3.378839590443686,552.8388278388278
20250226,2025-02-26,2025,1,2,February,2024-2025,261.0,21.0,8.045977011494253,1249380.0,0.0,0.0,0.0,553.0,36.0,3.3707052441229655,525.5900383141762
20250227,2025-02-27,2025,1,2,February,2024-2025,266.0,35.0,13.157894736842104,1290544.0,0.0,0.0,0.0,548.0,39.73063973063973,3.397810218978102,571.3458646616541
20250228,2025-02-28,2025,1,2,February,2024-2025,245.0,25.0,10.204081632653061,1190529.0,0.0,0.0,0.0,535.0,37.2,3.2803738317757007,537.9224489795919
20250301,2025-03-01,2025,1,3,March,2024-2025,286.0,32.0,11.188811188811188,1402616.0,1.0,56138.0,4.002378412908452,534.0,33.096085409252666,3.3614232209737827,535.8041958041958
20250302,2025-03-02,2025,1,3,March,2024-2025,258.0,32.0,12.4031007751938,1248530.0,0.0,0.0,0.0,490.0,35.984848484848484,3.2857142857142856,572.4341085271318
20250303,2025-03-03,2025,1,3,March,2024-2025,256.0,34.0,13.28125,1247677.0,1.0,20684.0,1.6578008571128584,564.0,43.72623574144487,3.3031914893617023,567.234375
20250304,2025-03-04,2025,1,3,March,2024-2025,259.0,24.0,9.266409266409266,1259364.0,2.0,188278.0,14.950244726703321,533.0,36.75889328063241,3.24577861163227,552.8610038610038
20250305,2025-03-05,2025,1,3,March,2024-2025,286.0,38.0,13.286713286713287,1370740.0,1.0,98347.0,7.174737732903395,543.0,40.92526690391459,3.438305709023941,555.9265734265734
20250306,2025-03-06,2025,1,3,March,2024-2025,246.0,23.0,9.34959349593496,1197753.0,0.0,0.0,0.0,545.0,34.78260869565217,3.365137614678899,568.5040650406504
20250307,2025-03-07,2025,1,3,March,2024-2025,253.0,23.0,9.090909090909092,1223169.0,0.0,0.0,0.0,523.0,41.39344262295082,3.434034416826004,546.9525691699605
20250308,2025-03-08,2025,1,3,March,2024-2025,251.0,21.0,8.366533864541832,1204217.0,0.0,0.0,0.0,511.0,34.645669291338585,3.299412915851272,536.609561752988
20250309,2025-03-09,2025,1,3,March,2024-2025,268.0,27.0,10.074626865671641,1303075.0,0.0,0.0,0.0,506.0,39.91935483870967,3.377470355731225,561.2089552238806
20250310,2025-03-10,2025,1,3,March,2024-2025,240.0,27.0,11.25,1158259.0,0.0,0.0,0.0,501.0,43.93305439330544,3.2934131736526946,560.1708333333333
20250311,2025-03-11,2025,1,3,March,2024-2025,226.0,23.0,10.176991150442479,1074407.0,0.0,0.0,0.0,519.0,36.18677042801556,3.3198458574181116,549.8141592920354
20250312,2025-03-12,2025,1,3,March,2024-2025,256.0,24.0,9.375,1250621.0,1.0,142608.0,11.402975002018998,488.0,41.02564102564102,3.3668032786885247,557.46484375
20250313,2025-03-13,2025,1,3,March,2024-2025,263.0,27.0,10.26615969581749,1262748.0,0.0,0.0,0.0,476.0,32.0,3.319327731092437,522.6692015209126
20250314,2025-03-14,2025,1,3,March,2024-2025,274.0,33.0,12.043795620437956,1310240.0,0.0,0.0,0.0,546.0,33.05084745762712,3.3424908424908426,555.6934306569343
20250315,2025-03-15,2025,1,3,March,2024-2025,277.0,31.0,11.191335740072201,1316479.0,1.0,69380.0,5.27011824723372,574.0,40.54054054054054,3.4146341463414633,539.9602888086642
20250316,2025-03-16,2025,1,3,March,2024-2025,250.0,38.0,15.2,1228257.0,0.0,0.0,0.0,566.0,36.6412213740458,3.34982332155477,567.62
20250317,2025-03-17,2025,1,3,March,2024-2025,239.0,19.0,7.949790794979079,1155610.0,0.0,0.0,0.0,513.0,34.90196078431372,3.3157894736842106,530.2677824267782
20250318,2025-03-18,2025,1,3,March,2024-2025,266.0,15.0,5.639097744360902,1293294.0,0.0,0.0,0.0,505.0,35.842293906810035,3.259405940594059,529.2744360902255
20250319,2025-03-19,2025,1,3,March,2024-2025,257.0,20.0,7.782101167315175,1241868.0,0.0,0.0,0.0,498.0,39.163498098859314,3.246987951807229,536.035019455253
20250320,2025-03-20,2025,1,3,March,2024-2025,265.0,18.0,6.7924528301886795,1291835.0,1.0,66968.0,5.183943769908696,531.0,32.66129032258064,3.3258003766478343,529.8792452830189
20250321,2025-03-21,2025,1,3,March,2024-2025,301.0,33.0,10.96345514950166,1443341.0,2.0,191048.0,13.236511676727813,539.0,34.8936170212766,3.4025974025974026,532.9202657807309
20250322,2025-03-22,2025,1,3,March,2024-2025,272.0,30.0,11.029411764705882,1324305.0,1.0,79522.0,6.004810070187759,562.0,35.83617747440273,3.412811387900356,551.2316176470588
20250323,2025-03-23,2025,1,3,March,2024-2025,243.0,31.0,12.757201646090536,1188764.0,0.0,0.0,0.0,543.0,40.520446096654275,3.2523020257826887,552.1234567901234
20250324,2025-03-24,2025,1,3,March,2024-2025,277.0,31.0,11.191335740072201,1342037.0,0.0,0.0,0.0,548.0,33.687943262411345,3.375912408759124,554.2238267148015
20250325,2025-03-25,2025,1,3,March,2024-2025,240.0,28.0,11.666666666666666,1155555.0,0.0,0.0,0.0,510.0,35.471698113207545,3.215686274509804,582.15
20250326,2025-03-26,2025,1,3,March,2024-2025,267.0,21.0,7.865168539325842,1298265.0,1.0,77077.0,5.936923509453001,515.0,36.84210526315789,3.3398058252427183,552.3183520599251
20250327,2025-03-27,2025,1,3,March,2024-2025,259.0,28.0,10.81081081081081,1265542.0,1.0,115462.0,9.123521779601152,520.0,36.693548387096776,3.419230769230769,546.8146718146718
20250328,2025-03-28,2025,1,3,March,2024-2025,278.0,31.0,11.151079136690647,1350577.0,3.0,216130.0,16.002789918679202,526.0,37.97909407665505,3.5722433460076046,537.0719424460432
20250329,2025-03-29,2025,1,3,March,2024-2025,249.0,27.0,10.843373493975903,1204709.0,0.0,0.0,0.0,525.0,32.72727272727273,3.3676190476190477,539.9799196787149
20250330,2025-03-30,2025,1,3,March,2024-2025,294.0,35.0,11.904761904761903,1418450.0,0.0,0.0,0.0,559.0,37.234042553191486,3.3166368515205726,544.9421768707483
20250331,2025-03-31,2025,1,3,March,2024-2025,259.0,24.0,9.266409266409266,1259517.0,0.0,0.0,0.0,550.0,37.24137931034483,3.2636363636363637,541.0694980694981
20250401,2025-04-01,2025,2,4,April,2025-2026,293.0,29.0,9.897610921501707,1395657.0,1.0,64335.0,4.609656957260989,597.0,40.43321299638989,3.2144053601340032,545.0546075085324
20250402,2025-04-02,2025,2,4,April,2025-2026,265.0,25.0,9.433962264150944,1274062.0,1.0,56736.0,4.4531584805135065,523.0,33.46303501945525,3.3097514340344167,530.6339622641509
20250403,2025-04-03,2025,2,4,April,2025-2026,289.0,20.0,6.920415224913495,1404522.0,0.0,0.0,0.0,545.0,39.55223880597015,3.3688073394495412,537.9204152249135
20250404,2025-04-04,2025,2,4,April,2025-2026,265.0,35.0,13.20754716981132,1294358.0,1.0,65379.0,5.051075513884103,537.0,32.17993079584775,3.3202979515828677,551.4566037735849
20250405,2025-04-05,2025,2,4,April,2025-2026,277.0,15.0,5.415162454873646,1335335.0,0.0,0.0,0.0,531.0,36.271186440677965,3.3201506591337098,513.2454873646209
20250406,2025-04-06,2025,2,4,April,2025-2026,295.0,29.0,9.830508474576272,1423627.0,0.0,0.0,0.0,566.0,34.46969696969697,3.224381625441696,537.335593220339
20250407,2025-04-07,2025,2,4,April,2025-2026,266.0,18.0,6.7669172932330826,1302253.0,2.0,226917.0,17.424955058656035,585.0,38.582677165354326,3.3213675213675216,528.7105263157895
20250408,2025-04-08,2025,2,4,April,2025-2026,266.0,26.0,9.774436090225564,1286885.0,0.0,0.0,0.0,492.0,38.18181818181819,3.2154471544715446,543.1654135338346
20250409,2025-04-09,2025,2,4,April,2025-2026,277.0,31.0,11.191335740072201,1333913.0,0.0,0.0,0.0,559.0,38.74538745387454,3.2772808586762077,533.3249097472924
20250410,2025-04-10,2025,2,4,April,2025-2026,262.0,25.0,9.541984732824428,1266067.0,1.0,130212.0,10.284763760527682,537.0,33.65384615384615,3.357541899441341,522.324427480916
20250411,2025-04-11,2025,2,4,April,2025-2026,261.0,24.0,9.195402298850574,1280137.0,1.0,61047.0,4.768786465823579,515.0,35.199999999999996,3.349514563106796,519.4061302681993
20250412,2025-04-12,2025,2,4,April,2025-2026,294.0,39.0,13.26530612244898,1436737.0,4.0,294749.0,20.515167354916038,550.0,37.45173745173745,3.3163636363636364,544.078231292517
20250413,2025-04-13,2025,2,4,April,2025-2026,281.0,29.0,10.320284697508896,1365759.0,1.0,38384.0,2.8104519172123337,554.0,33.89261744966443,3.283393501805054,544.9857651245552
20250414,2025-04-14,2025,2,4,April,2025-2026,275.0,27.0,9.818181818181818,1336669.0,0.0,0.0,0.0,550.0,37.30769230769231,3.3363636363636364,546.3709090909091
20250415,2025-04-15,2025,2,4,April,2025-2026,276.0,24.0,8.695652173913043,1337105.0,3.0,245316.0,18.34680148529846,549.0,40.61433447098976,3.384335154826958,554.963768115942
20250416,2025-04-16,2025,2,4,April,2025-2026,254.0,26.0,10.236220472440944,1230190.0,0.0,0.0,0.0,528.0,38.94736842105263,3.340909090909091,543.0866141732283
20250417,2025-04-17,2025,2,4,April,2025-2026,269.0,31.0,11.524163568773234,1291885.0,2.0,221306.0,17.130472139548026,537.0,32.945736434108525,3.303538175046555,543.2304832713754
20250418,2025-04-18,2025,2,4,April,2025-2026,261.0,25.0,9.578544061302683,1274862.0,2.0,121767.0,9.551386738329324,546.0,40.316205533596836,3.41025641025641,540.9540229885057
20250419,2025-04-19,2025,2,4,April,2025-2026,267.0,27.0,10.112359550561797,1288241.0,0.0,0.0,0.0,540.0,40.22140221402214,3.35,537.2471910112359
20250420,2025-04-20,2025,2,4,April,2025-2026,253.0,25.0,9.881422924901186,1216275.0,2.0,248149.0,20.402376107377034,524.0,36.04651162790697,3.3244274809160306,535.695652173913
20250421,2025-04-21,2025,2,4,April,2025-2026,262.0,24.0,9.16030534351145,1273344.0,1.0,142800.0,11.21456574185766,522.0,37.755102040816325,3.281609195402299,555.9465648854962
20250422,2025-04-22,2025,2,4,April,2025-2026,287.0,23.0,8.013937282229964,1372986.0,1.0,63023.0,4.590214321194827,523.0,35.63218390804598,3.3346080305927344,544.5400696864111
20250423,2025-04-23,2025,2,4,April,2025-2026,270.0,27.0,10.0,1303511.0,0.0,0.0,0.0,564.0,33.201581027667984,3.425531914893617,527.4814814814815
20250424,2025-04-24,2025,2,4,April,2025-2026,288.0,31.0,10.76388888888889,1404144.0,0.0,0.0,0.0,562.0,32.592592592592595,3.304270462633452,556.3819444444445
20250425,2025-04-25,2025,2,4,April,2025-2026,261.0,22.0,8.42911877394636,1254379.0,2.0,109799.0,8.753255594999597,533.0,34.57627118644068,3.403377110694184,535.9578544061303
20250426,2025-04-26,2025,2,4,April,2025-2026,278.0,37.0,13.309352517985612,1355971.0,0.0,0.0,0.0,568.0,42.857142857142854,3.3204225352112675,549.773381294964
20250427,2025-04-27,2025,2,4,April,2025-2026,260.0,23.0,8.846153846153847,1255915.0,2.0,192016.0,15.288932770131735,516.0,38.18181818181819,3.248062015503876,529.1038461538461
20250428,2025-04-28,2025,2,4,April,2025-2026,265.0,19.0,7.169811320754717,1261983.0,0.0,0.0,0.0,580.0,35.63636363636364,3.303448275862069,567.7094339622641
20250429,2025-04-29,2025,2,4,April,2025-2026,291.0,30.0,10.309278350515463,1409453.0,0.0,0.0,0.0,558.0,35.684647302904565,3.2795698924731185,531.2233676975945
20250430,2025-04-30,2025,2,4,April,2025-2026,255.0,23.0,9.019607843137255,1240719.0,1.0,104380.0,8.412863831375194,523.0,38.079470198675494,3.2772466539196943,543.0470588235294
20250501,2025-05-01,2025,2,5,May,2025-2026,266.0,27.0,10.150375939849624,1299704.0,1.0,130429.0,10.035284957190251,567.0,33.935018050541515,3.2821869488536155,526.1842105263158
20250502,2025-05-02,2025,2,5,May,2025-2026,278.0,23.0,8.273381294964029,1332827.0,3.0,268816.0,20.168859124252435,539.0,40.57971014492754,3.302411873840445,541.5179856115108
20250503,2025-05-03,2025,2,5,May,2025-2026,257.0,28.0,10.894941634241246,1252261.0,2.0,174650.0,13.946773076858578,542.0,40.21739130434783,3.3819188191881917,535.2412451361868
20250504,2025-05-04,2025,2,5,May,2025-2026,270.0,21.0,7.777777777777778,1313301.0,0.0,0.0,0.0,521.0,37.121212121212125,3.4241842610364683,523.8592592592593
20250505,2025-05-05,2025,2,5,May,2025-2026,287.0,26.0,9.059233449477352,1394343.0,2.0,222393.0,15.949662314079106,554.0,36.971830985915496,3.3194945848375452,527.0836236933798
20250506,2025-05-06,2025,2,5,May,2025-2026,266.0,26.0,9.774436090225564,1291166.0,2.0,103339.0,8.00354098543487,539.0,34.59915611814346,3.207792207792208,543.3082706766917
20250507,2025-05-07,2025,2,5,May,2025-2026,257.0,26.0,10.116731517509727,1238127.0,0.0,0.0,0.0,548.0,40.8,3.2572992700729926,559.3190661478599
20250508,2025-05-08,2025,2,5,May,2025-2026,292.0,30.0,10.273972602739725,1414075.0,1.0,5334.0,0.3772077152909145,529.0,34.41558441558442,3.3232514177693764,546.068493150685
20250509,2025-05-09,2025,2,5,May,2025-2026,268.0,28.0,10.44776119402985,1291585.0,1.0,134530.0,10.415884359140126,531.0,37.86764705882353,3.3069679849340865,551.679104477612
20250510,2025-05-10,2025,2,5,May,2025-2026,264.0,29.0,10.984848484848484,1281825.0,1.0,62169.0,4.8500380317125975,516.0,38.49056603773585,3.4050387596899223,539.4090909090909
20250511,2025-05-11,2025,2,5,May,2025-2026,296.0,30.0,10.135135135135135,1436228.0,0.0,0.0,0.0,553.0,39.849624060150376,3.3182640144665463,567.9391891891892
20250512,2025-05-12,2025,2,5,May,2025-2026,250.0,21.0,8.4,1196859.0,0.0,0.0,0.0,544.0,36.029411764705884,3.261029411764706,522.444
20250513,2025-05-13,2025,2,5,May,2025-2026,266.0,20.0,7.518796992481203,1285933.0,0.0,0.0,0.0,548.0,41.04477611940299,3.45985401459854,542.124060150376
20250514,2025-05-14,2025,2,5,May,2025-2026,300.0,31.0,10.333333333333334,1466272.0,1.0,38859.0,2.6501904148752757,564.0,31.186440677966104,3.382978723404255,531.28
20250515,2025-05-15,2025,2,5,May,2025-2026,262.0,29.0,11.068702290076336,1278042.0,0.0,0.0,0.0,536.0,35.587188612099645,3.283582089552239,545.7824427480916
20250516,2025-05-16,2025,2,5,May,2025-2026,264.0,21.0,7.954545454545454,1273136.0,5.0,446431.0,35.06546040642948,579.0,36.15384615384615,3.305699481865285,559.3598484848485
20250517,2025-05-17,2025,2,5,May,2025-2026,247.0,21.0,8.502024291497975,1193981.0,0.0,0.0,0.0,507.0,33.0,3.26232741617357,568.3238866396761
20250518,2025-05-18,2025,2,5,May,2025-2026,256.0,27.0,10.546875,1251069.0,1.0,29578.0,2.364218120663209,551.0,30.735930735930733,3.2558983666061705,538.78515625
20250519,2025-05-19,2025,2,5,May,2025-2026,279.0,33.0,11.827956989247312,1349174.0,3.0,293505.0,21.754421594249518,536.0,38.01652892561984,3.2593283582089554,557.4659498207885
20250520,2025-05-20,2025,2,5,May,2025-2026,251.0,18.0,7.171314741035857,1219711.0,1.0,145115.0,11.8974904711034,492.0,37.54940711462451,3.3272357723577235,531.5577689243028
20250521,2025-05-21,2025,2,5,May,2025-2026,264.0,21.0,7.954545454545454,1268624.0,3.0,268550.0,21.168604724488898,533.0,38.66171003717472,3.324577861163227,555.8181818181819
20250522,2025-05-22,2025,2,5,May,2025-2026,256.0,23.0,8.984375,1241760.0,2.0,166900.0,13.440600438087873,556.0,33.691756272401435,3.327338129496403,515.6171875
20250523,2025-05-23,2025,2,5,May,2025-2026,296.0,26.0,8.783783783783784,1433997.0,1.0,125207.0,8.731329284510359,535.0,40.16393442622951,3.34392523364486,529.7702702702703
20250524,2025-05-24,2025,2,5,May,2025-2026,268.0,28.0,10.44776119402985,1291516.0,3.0,73589.0,5.697877533069664,548.0,37.79264214046823,3.2974452554744524,527.9328358208955
20250525,2025-05-25,2025,2,5,May,2025-2026,274.0,30.0,10.948905109489052,1339154.0,1.0,139103.0,10.387378897423298,556.0,34.23076923076923,3.2949640287769784,566.1678832116788
20250526,2025-05-26,2025,2,5,May,2025-2026,256.0,24.0,9.375,1239066.0,3.0,198739.0,16.03942001475305,539.0,41.7624521072797,3.4230055658627085,542.8359375
20250527,2025-05-27,2025,2,5,May,2025-2026,265.0,25.0,9.433962264150944,1287429.0,0.0,0.0,0.0,505.0,36.90036900369004,3.368316831683168,533.9018867924528
20250528,2025-05-28,2025,2,5,May,2025-2026,260.0,24.0,9.230769230769232,1260048.0,3.0,232195.0,18.427472604218252,496.0,37.83783783783784,3.2983870967741935,538.9615384615385
20250529,2025-05-29,2025,2,5,May,2025-2026,265.0,21.0,7.9245283018867925,1283836.0,1.0,11981.0,0.9332188846550494,535.0,39.7887323943662,3.349532710280374,547.3169811320755
20250530,2025-05-30,2025,2,5,May,2025-2026,282.0,20.0,7.092198581560284,1348779.0,1.0,82409.0,6.109896432254654,528.0,33.97683397683397,3.3390151515151514,534.7021276595744
20250531,2025-05-31,2025,2,5,May,2025-2026,278.0,17.0,6.115107913669065,1333461.0,0.0,0.0,0.0,548.0,32.340425531914896,3.374087591240876,545.6258992805756
20250601,2025-06-01,2025,2,6,June,2025-2026,268.0,28.0,10.44776119402985,1300969.0,1.0,122177.0,9.391230690354652,590.0,38.489208633093526,3.2796610169491527,557.5895522388059
20250602,2025-06-02,2025,2,6,June,2025-2026,252.0,27.0,10.714285714285714,1207347.0,2.0,228773.0,18.948405056706978,519.0,42.1455938697318,3.296724470134875,561.0833333333334
20250603,2025-06-03,2025,2,6,June,2025-2026,231.0,24.0,10.38961038961039,1132202.0,3.0,281924.0,24.900503620378693,479.0,41.75824175824176,3.396659707724426,538.9177489177489
20250604,2025-06-04,2025,2,6,June,2025-2026,263.0,23.0,8.745247148288973,1265655.0,1.0,36114.0,2.853384216077841,465.0,36.71875,3.2838709677419353,518.1292775665399
20250605,2025-06-05,2025,2,6,June,2025-2026,286.0,35.0,12.237762237762238,1395018.0,1.0,63706.0,4.5666794263586565,541.0,36.67820069204152,3.297597042513863,588.2727272727273
20250606,2025-06-06,2025,2,6,June,2025-2026,258.0,33.0,12.790697674418606,1249779.0,1.0,116850.0,9.349653018653697,562.0,41.42857142857143,3.2686832740213525,573.8023255813954
20250607,2025-06-07,2025,2,6,June,2025-2026,281.0,24.0,8.540925266903916,1368468.0,2.0,145722.0,10.648550057436491,573.0,36.84210526315789,3.3141361256544504,551.3096085409253
20250608,2025-06-08,2025,2,6,June,2025-2026,262.0,26.0,9.923664122137405,1281318.0,1.0,135531.0,10.577467888533526,508.0,36.940298507462686,3.411417322834646,537.7748091603054
20250609,2025-06-09,2025,2,6,June,2025-2026,215.0,20.0,9.30232558139535,1043944.0,0.0,0.0,0.0,528.0,35.65891472868217,3.346590909090909,541.1395348837209
20250610,2025-06-10,2025,2,6,June,2025-2026,276.0,21.0,7.608695652173914,1320877.0,0.0,0.0,0.0,503.0,37.55102040816327,3.349900596421471,552.9601449275362
20250611,2025-06-11,2025,2,6,June,2025-2026,302.0,21.0,6.95364238410596,1462574.0,2.0,225324.0,15.405989714024726,532.0,38.095238095238095,3.3421052631578947,530.0165562913908
20250612,2025-06-12,2025,2,6,June,2025-2026,278.0,28.0,10.071942446043165,1335666.0,1.0,23105.0,1.7298486298221263,566.0,37.82771535580524,3.4240282685512367,531.0755395683453
20250613,2025-06-13,2025,2,6,June,2025-2026,259.0,23.0,8.880308880308881,1271133.0,3.0,131102.0,10.313790925103824,575.0,34.172661870503596,3.3443478260869566,548.6640926640927
20250614,2025-06-14,2025,2,6,June,2025-2026,257.0,31.0,12.062256809338521,1240517.0,3.0,205027.0,16.52754456408094,537.0,38.976377952755904,3.359404096834264,537.7743190661479
20250615,2025-06-15,2025,2,6,June,2025-2026,277.0,30.0,10.830324909747292,1341029.0,2.0,265057.0,19.76519523440582,513.0,36.61971830985916,3.3937621832358675,569.3212996389892
20250616,2025-06-16,2025,2,6,June,2025-2026,292.0,31.0,10.616438356164384,1396687.0,2.0,198854.0,14.237549286275309,527.0,34.05017921146953,3.3263757115749524,537.6883561643835
20250617,2025-06-17,2025,2,6,June,2025-2026,265.0,23.0,8.679245283018867,1289328.0,3.0,318921.0,24.735443579911394,554.0,39.543726235741445,3.391696750902527,544.6188679245283
20250618,2025-06-18,2025,2,6,June,2025-2026,262.0,24.0,9.16030534351145,1278634.0,1.0,123892.0,9.68940290966766,542.0,32.608695652173914,3.309963099630996,555.6450381679389
20250619,2025-06-19,2025,2,6,June,2025-2026,280.0,25.0,8.928571428571429,1367080.0,1.0,85119.0,6.226336425081195,547.0,34.285714285714285,3.389396709323583,548.1571428571428
20250620,2025-06-20,2025,2,6,June,2025-2026,255.0,29.0,11.372549019607844,1260484.0,2.0,242905.0,19.270772179575467,550.0,33.582089552238806,3.3254545454545457,582.6705882352941
20250621,2025-06-21,2025,2,6,June,2025-2026,251.0,23.0,9.163346613545817,1217646.0,2.0,251148.0,20.625699094810805,505.0,38.16793893129771,3.277227722772277,573.4900398406375
20250622,2025-06-22,2025,2,6,June,2025-2026,277.0,32.0,11.552346570397113,1325310.0,0.0,0.0,0.0,530.0,40.136054421768705,3.169811320754717,561.2382671480144
20250623,2025-06-23,2025,2,6,June,2025-2026,277.0,24.0,8.664259927797833,1342963.0,1.0,61874.0,4.607275107355899,543.0,42.29249011857708,3.10865561694291,535.6931407942238
20250624,2025-06-24,2025,2,6,June,2025-2026,244.0,23.0,9.426229508196721,1171158.0,3.0,301989.0,25.785504603136385,540.0,38.152610441767074,3.2333333333333334,552.0491803278688
20250625,2025-06-25,2025,2,6,June,2025-2026,240.0,27.0,11.25,1165460.0,1.0,116156.0,9.966536818080414,512.0,37.890625,3.26171875,513.7041666666667
20250626,2025-06-26,2025,2,6,June,2025-2026,255.0,29.0,11.372549019607844,1242872.0,3.0,115615.0,9.30224512258704,501.0,36.6412213740458,3.37125748502994,538.0
20250627,2025-06-27,2025,2,6,June,2025-2026,293.0,30.0,10.238907849829351,1427174.0,1.0,22530.0,1.5786442297855763,510.0,39.03345724907063,3.372549019607843,540.3720136518772
20250628,2025-06-28,2025,2,6,June,2025-2026,267.0,29.0,10.861423220973784,1294768.0,0.0,0.0,0.0,500.0,32.773109243697476,3.216,549.6142322097378
20250629,2025-06-29,2025,2,6,June,2025-2026,260.0,30.0,11.538461538461538,1254785.0,2.0,138763.0,11.058707268575892,537.0,33.59375,3.2104283054003724,527.2269230769231
20250630,2025-06-30,2025,2,6,June,2025-2026,277.0,21.0,7.581227436823104,1326604.0,0.0,0.0,0.0,500.0,33.82899628252788,3.25,535.1371841155235
20250701,2025-07-01,2025,3,7,July,2025-2026,261.0,21.0,8.045977011494253,1252130.0,1.0,119422.0,9.537508086221079,514.0,34.899328859060404,3.2607003891050583,523.1532567049809
20250702,2025-07-02,2025,3,7,July,2025-2026,254.0,26.0,10.236220472440944,1224464.0,1.0,14853.0,1.2130205542996773,541.0,36.53846153846153,3.33086876155268,536.2480314960629
20250703,2025-07-03,2025,3,7,July,2025-2026,267.0,23.0,8.614232209737828,1308650.0,1.0,60902.0,4.653803537997173,524.0,41.568627450980394,3.33587786259542,554.2808988764045
20250704,2025-07-04,2025,3,7,July,2025-2026,300.0,28.0,9.333333333333334,1436614.0,3.0,280357.0,19.51512375627691,536.0,39.015151515151516,3.371268656716418,556.9133333333333
20250705,2025-07-05,2025,3,7,July,2025-2026,259.0,27.0,10.424710424710424,1264449.0,0.0,0.0,0.0,565.0,32.33333333333333,3.343362831858407,545.992277992278
20250706,2025-07-06,2025,3,7,July,2025-2026,248.0,20.0,8.064516129032258,1207314.0,3.0,238628.0,19.765197786160023,548.0,38.81118881118881,3.2645985401459856,541.4677419354839
20250707,2025-07-07,2025,3,7,July,2025-2026,278.0,27.0,9.712230215827338,1356532.0,1.0,37672.0,2.777081557972831,504.0,39.688715953307394,3.4027777777777777,539.4748201438849
20250708,2025-07-08,2025,3,7,July,2025-2026,260.0,35.0,13.461538461538462,1248754.0,2.0,260690.0,20.876009205976516,536.0,35.0,3.3171641791044775,540.2346153846154
20250709,2025-07-09,2025,3,7,July,2025-2026,271.0,23.0,8.487084870848708,1302117.0,0.0,0.0,0.0,526.0,36.666666666666664,3.252851711026616,532.690036900369
20250710,2025-07-10,2025,3,7,July,2025-2026,274.0,26.0,9.48905109489051,1348215.0,6.0,540309.0,40.07587810549504,517.0,38.28996282527881,3.3617021276595747,524.7153284671533
20250711,2025-07-11,2025,3,7,July,2025-2026,267.0,35.0,13.108614232209737,1305539.0,2.0,186106.0,14.255108426481321,575.0,35.22727272727273,3.3460869565217393,565.1348314606741
20250712,2025-07-12,2025,3,7,July,2025-2026,241.0,21.0,8.71369294605809,1159317.0,2.0,172253.0,14.858144924986005,487.0,38.43416370106761,3.2279260780287475,537.701244813278
20250713,2025-07-13,2025,3,7,July,2025-2026,265.0,26.0,9.811320754716983,1276161.0,1.0,117682.0,9.221563736863923,527.0,34.93975903614458,3.27134724857685,519.9849056603773
20250714,2025-07-14,2025,3,7,July,2025-2026,280.0,32.0,11.428571428571429,1358922.0,2.0,217005.0,15.968907707727153,530.0,35.687732342007436,3.3943396226415095,540.8928571428571
20250715,2025-07-15,2025,3,7,July,2025-2026,267.0,21.0,7.865168539325842,1295778.0,2.0,71947.0,5.552417157877352,530.0,36.496350364963504,3.3075471698113206,563.0149812734082
20250716,2025-07-16,2025,3,7,July,2025-2026,272.0,27.0,9.926470588235293,1307366.0,1.0,87242.0,6.673112196584582,555.0,35.684647302904565,3.3333333333333335,564.4889705882352
20250717,2025-07-17,2025,3,7,July,2025-2026,265.0,28.0,10.566037735849058,1283648.0,4.0,411651.0,32.068838186169415,589.0,35.68627450980392,3.3412563667232598,520.7283018867925
20250718,2025-07-18,2025,3,7,July,2025-2026,269.0,26.0,9.66542750929368,1317366.0,4.0,437038.0,33.1751388756048,532.0,37.992831541218635,3.3703007518796992,568.4126394052045
20250719,2025-07-19,2025,3,7,July,2025-2026,284.0,30.0,10.56338028169014,1386536.0,3.0,256770.0,18.518812349625254,559.0,37.2093023255814,3.323792486583184,544.1971830985915
20250720,2025-07-20,2025,3,7,July,2025-2026,266.0,33.0,12.406015037593985,1300698.0,2.0,63304.0,4.866925297032823,555.0,33.80782918149466,3.279279279279279,549.5902255639098
20250721,2025-07-21,2025,3,7,July,2025-2026,255.0,30.0,11.76470588235294,1243021.0,0.0,0.0,0.0,590.0,39.79933110367893,3.2254237288135594,550.8039215686274
20250722,2025-07-22,2025,3,7,July,2025-2026,273.0,18.0,6.593406593406594,1317370.0,2.0,214685.0,16.296484662623257,535.0,36.554621848739494,3.3065420560747665,531.5018315018315
20250723,2025-07-23,2025,3,7,July,2025-2026,262.0,20.0,7.633587786259542,1280774.0,1.0,89996.0,7.026688549267865,514.0,40.28776978417266,3.3249027237354087,549.5610687022901
20250724,2025-07-24,2025,3,7,July,2025-2026,243.0,26.0,10.699588477366255,1171504.0,4.0,283974.0,24.240122099455057,506.0,35.15625,3.3517786561264824,552.5185185185185
20250725,2025-07-25,2025,3,7,July,2025-2026,251.0,24.0,9.56175298804781,1230796.0,3.0,225920.0,18.35560076568335,485.0,35.79335793357934,3.265979381443299,538.0438247011953
20250726,2025-07-26,2025,3,7,July,2025-2026,255.0,19.0,7.450980392156863,1240430.0,3.0,146281.0,11.792765411994226,499.0,36.940298507462686,3.432865731462926,541.0156862745098
20250727,2025-07-27,2025,3,7,July,2025-2026,292.0,26.0,8.904109589041095,1398926.0,1.0,72509.0,5.183190533309124,566.0,36.507936507936506,3.3162544169611308,588.0205479452055
20250728,2025-07-28,2025,3,7,July,2025-2026,274.0,32.0,11.678832116788321,1315801.0,0.0,0.0,0.0,541.0,35.92592592592593,3.277264325323475,532.1642335766423
20250729,2025-07-29,2025,3,7,July,2025-2026,267.0,30.0,11.235955056179774,1293009.0,1.0,26211.0,2.0271320617257884,536.0,38.26714801444043,3.167910447761194,541.9737827715355
20250730,2025-07-30,2025,3,7,July,2025-2026,260.0,22.0,8.461538461538462,1261941.0,3.0,397766.0,31.520174081038654,540.0,34.67153284671533,3.327777777777778,530.9038461538462
20250731,2025-07-31,2025,3,7,July,2025-2026,263.0,23.0,8.745247148288973,1272372.0,1.0,71127.0,5.590110439399798,484.0,34.03361344537815,3.2789256198347108,567.0152091254753
20250801,2025-08-01,2025,3,8,August,2025-2026,252.0,31.0,12.3015873015873,1229920.0,2.0,102469.0,8.33135488487056,535.0,37.30769230769231,3.4,566.2301587301587
20250802,2025-08-02,2025,3,8,August,2025-2026,260.0,27.0,10.384615384615385,1253844.0,6.0,490449.0,39.115631609673926,530.0,32.4,3.460377358490566,533.6653846153846
20250803,2025-08-03,2025,3,8,August,2025-2026,276.0,29.0,10.507246376811594,1346849.0,0.0,0.0,0.0,545.0,34.962406015037594,3.3504587155963304,577.0507246376811
20250804,2025-08-04,2025,3,8,August,2025-2026,275.0,26.0,9.454545454545455,1344071.0,2.0,117609.0,8.750207392317815,535.0,32.945736434108525,3.28411214953271,549.3054545454545
20250805,2025-08-05,2025,3,8,August,2025-2026,262.0,23.0,8.778625954198473,1275113.0,2.0,74641.0,5.853677281935013,577.0,34.56375838926174,3.270363951473137,544.4274809160305
20250806,2025-08-06,2025,3,8,August,2025-2026,238.0,20.0,8.403361344537815,1142886.0,3.0,190750.0,16.6902035723598,514.0,32.075471698113205,3.4007782101167314,554.4453781512605
20250807,2025-08-07,2025,3,8,August,2025-2026,233.0,20.0,8.583690987124463,1126749.0,1.0,12163.0,1.0794773281360799,457.0,42.248062015503876,3.4573304157549236,557.1673819742489
20250808,2025-08-08,2025,3,8,August,2025-2026,233.0,13.0,5.579399141630901,1116732.0,2.0,78241.0,7.006246798694763,482.0,38.84297520661157,3.363070539419087,535.9484978540772
20250809,2025-08-09,2025,3,8,August,2025-2026,258.0,16.0,6.2015503875969,1247479.0,1.0,27462.0,2.201399783082521,501.0,32.17054263565892,3.341317365269461,550.4806201550388
20250810,2025-08-10,2025,3,8,August,2025-2026,296.0,20.0,6.756756756756757,1437553.0,3.0,151946.0,10.569766819032063,529.0,35.294117647058826,3.334593572778828,524.5506756756756
20250811,2025-08-11,2025,3,8,August,2025-2026,280.0,18.0,6.428571428571428,1375763.0,1.0,62058.0,4.510806003650338,567.0,37.269372693726936,3.308641975308642,539.4178571428571
20250812,2025-08-12,2025,3,8,August,2025-2026,268.0,18.0,6.7164179104477615,1300663.0,5.0,497109.0,38.21966181862635,534.0,38.91050583657588,3.344569288389513,531.1865671641791
20250813,2025-08-13,2025,3,8,August,2025-2026,257.0,25.0,9.72762645914397,1234933.0,4.0,341809.0,27.6783436834225,549.0,41.04477611940299,3.384335154826958,546.5914396887159
20250814,2025-08-14,2025,3,8,August,2025-2026,281.0,26.0,9.252669039145907,1351979.0,1.0,115480.0,8.541552790390975,541.0,32.74647887323944,3.2846580406654344,529.5195729537367
20250815,2025-08-15,2025,3,8,August,2025-2026,265.0,31.0,11.69811320754717,1297577.0,2.0,123605.0,9.525831607681086,500.0,30.65134099616858,3.356,552.7132075471698
20250816,2025-08-16,2025,3,8,August,2025-2026,262.0,31.0,11.83206106870229,1269376.0,0.0,0.0,0.0,543.0,34.494773519163765,3.342541436464088,575.5610687022901
20250817,2025-08-17,2025,3,8,August,2025-2026,273.0,32.0,11.72161172161172,1321276.0,2.0,218208.0,16.514944644419487,563.0,40.32258064516129,3.291296625222025,563.4249084249084
20250818,2025-08-18,2025,3,8,August,2025-2026,268.0,26.0,9.701492537313433,1306565.0,3.0,275392.0,21.077558330431323,496.0,40.42553191489361,3.3266129032258065,530.9888059701492
20250819,2025-08-19,2025,3,8,August,2025-2026,277.0,30.0,10.830324909747292,1347407.0,4.0,340390.0,25.2625969732976,568.0,36.971830985915496,3.3538732394366195,551.3249097472924
20250820,2025-08-20,2025,3,8,August,2025-2026,284.0,30.0,10.56338028169014,1366502.0,5.0,382685.0,28.004715690134375,573.0,35.11450381679389,3.2530541012216405,548.2112676056338
20250821,2025-08-21,2025,3,8,August,2025-2026,259.0,24.0,9.266409266409266,1265637.0,4.0,406572.0,32.12390282521766,535.0,38.90909090909091,3.3626168224299064,547.6100386100386
20250822,2025-08-22,2025,3,8,August,2025-2026,278.0,26.0,9.352517985611511,1359324.0,4.0,255870.0,18.823326888953627,544.0,32.916666666666664,3.3198529411764706,540.0179856115108
20250823,2025-08-23,2025,3,8,August,2025-2026,296.0,32.0,10.81081081081081,1423279.0,2.0,71977.0,5.057125131474574,549.0,38.25757575757576,3.2695810564663024,542.5675675675676
20250824,2025-08-24,2025,3,8,August,2025-2026,292.0,21.0,7.191780821917808,1409148.0,2.0,230879.0,16.384297462012505,562.0,37.45704467353952,3.311387900355872,552.2739726027397
20250825,2025-08-25,2025,3,8,August,2025-2026,285.0,38.0,13.333333333333334,1385694.0,5.0,415969.0,30.018820894079067,556.0,39.40397350993378,3.302158273381295,558.9719298245614
20250826,2025-08-26,2025,3,8,August,2025-2026,263.0,27.0,10.26615969581749,1275364.0,1.0,145947.0,11.443556506220968,574.0,34.61538461538461,3.250871080139373,580.8707224334601
20250827,2025-08-27,2025,3,8,August,2025-2026,261.0,30.0,11.494252873563218,1261808.0,5.0,399041.0,31.62454192713947,555.0,38.03921568627451,3.3423423423423424,579.2413793103449
20250828,2025-08-28,2025,3,8,August,2025-2026,287.0,43.0,14.982578397212542,1394069.0,2.0,159148.0,11.41607768338583,548.0,33.33333333333333,3.332116788321168,565.9372822299651
20250829,2025-08-29,2025,3,8,August,2025-2026,321.0,43.0,13.395638629283487,1561471.0,1.0,30213.0,1.9349062518612257,564.0,33.5548172757475,3.2960992907801416,548.6168224299065
20250830,2025-08-30,2025,3,8,August,2025-2026,259.0,27.0,10.424710424710424,1237471.0,1.0,100583.0,8.128109668832643,561.0,37.01067615658363,3.249554367201426,565.7992277992278
20250831,2025-08-31,2025,3,8,August,2025-2026,267.0,28.0,10.486891385767791,1296309.0,1.0,109624.0,8.456625696496745,546.0,34.31734317343174,3.2454212454212454,557.0411985018727
20250901,2025-09-01,2025,3,9,September,2025-2026,251.0,23.0,9.163346613545817,1197968.0,4.0,259548.0,21.665687230376772,555.0,34.91525423728813,3.336936936936937,538.8127490039841
20250902,2025-09-02,2025,3,9,September,2025-2026,254.0,20.0,7.874015748031496,1233319.0,2.0,91674.0,7.43311341185857,504.0,38.62068965517241,3.3373015873015874,509.73622047244095
20250903,2025-09-03,2025,3,9,September,2025-2026,282.0,32.0,11.347517730496454,1369470.0,5.0,496404.0,36.24789152007711,473.0,35.573122529644266,3.315010570824524,549.2234042553191
20250904,2025-09-04,2025,3,9,September,2025-2026,270.0,25.0,9.25925925925926,1315298.0,6.0,540188.0,41.069628327572914,551.0,33.07984790874524,3.3611615245009077,543.5777777777778
20250905,2025-09-05,2025,3,9,September,2025-2026,280.0,25.0,8.928571428571429,1360222.0,1.0,47892.0,3.520895853765047,543.0,34.46969696969697,3.423572744014733,557.225
20250906,2025-09-06,2025,3,9,September,2025-2026,282.0,37.0,13.120567375886525,1388227.0,4.0,363207.0,26.16337241675893,572.0,35.661764705882355,3.269230769230769,565.031914893617
20250907,2025-09-07,2025,3,9,September,2025-2026,254.0,32.0,12.598425196850393,1239434.0,2.0,140431.0,11.3302523571243,536.0,35.24904214559387,3.298507462686567,549.8031496062993
20250908,2025-09-08,2025,3,9,September,2025-2026,275.0,24.0,8.727272727272728,1345077.0,3.0,284546.0,21.15462534858599,536.0,35.361216730038024,3.3358208955223883,573.0763636363637
20250909,2025-09-09,2025,3,9,September,2025-2026,261.0,22.0,8.42911877394636,1275959.0,1.0,141417.0,11.083193112004382,576.0,43.58974358974359,3.2065972222222223,551.8084291187739
20250910,2025-09-10,2025,3,9,September,2025-2026,277.0,30.0,10.830324909747292,1358377.0,4.0,275049.0,20.24835520624981,548.0,32.432432432432435,3.326642335766423,532.8375451263538
20250911,2025-09-11,2025,3,9,September,2025-2026,245.0,21.0,8.571428571428571,1174681.0,1.0,130130.0,11.077901149333307,531.0,37.45454545454546,3.3578154425612055,535.9061224489795
20250912,2025-09-12,2025,3,9,September,2025-2026,260.0,33.0,12.692307692307692,1261795.0,3.0,241544.0,19.14288771155378,506.0,32.83018867924528,3.484189723320158,570.8807692307693
20250913,2025-09-13,2025,3,9,September,2025-2026,237.0,24.0,10.126582278481013,1141899.0,2.0,121908.0,10.675900408004562,501.0,37.410071942446045,3.151696606786427,537.6033755274261
20250914,2025-09-14,2025,3,9,September,2025-2026,267.0,11.0,4.119850187265917,1301268.0,3.0,197178.0,15.152758693827867,489.0,34.523809523809526,3.3865030674846626,502.94756554307116
20250915,2025-09-15,2025,3,9,September,2025-2026,253.0,18.0,7.114624505928854,1220466.0,3.0,358468.0,29.371404037474207,532.0,41.735537190082646,3.3759398496240602,522.9881422924901
20250916,2025-09-16,2025,3,9,September,2025-2026,258.0,29.0,11.24031007751938,1259670.0,3.0,198397.0,15.749918629482323,513.0,31.07569721115538,3.2690058479532165,565.0116279069767
20250917,2025-09-17,2025,3,9,September,2025-2026,261.0,28.0,10.727969348659004,1269970.0,3.0,197760.0,15.572021386331961,487.0,33.07086614173229,3.375770020533881,544.0421455938697
20250918,2025-09-18,2025,3,9,September,2025-2026,249.0,25.0,10.040160642570282,1207996.0,5.0,315545.0,26.121361329011023,525.0,39.69465648854962,3.354285714285714,552.4216867469879
20250919,2025-09-19,2025,3,9,September,2025-2026,270.0,29.0,10.74074074074074,1329584.0,1.0,141236.0,10.622570668720442,478.0,35.177865612648226,3.3472803347280333,542.7962962962963
20250920,2025-09-20,2025,3,9,September,2025-2026,260.0,32.0,12.307692307692308,1268902.0,1.0,133653.0,10.532964720679768,505.0,42.333333333333336,3.3346534653465345,547.4038461538462
20250921,2025-09-21,2025,3,9,September,2025-2026,236.0,23.0,9.745762711864407,1132397.0,5.0,262297.0,23.16298965822057,562.0,32.33082706766917,3.290035587188612,519.0550847457627
20250922,2025-09-22,2025,3,9,September,2025-2026,276.0,27.0,9.782608695652174,1339194.0,3.0,230912.0,17.242610107273478,514.0,35.80786026200873,3.3560311284046693,548.8659420289855
20250923,2025-09-23,2025,3,9,September,2025-2026,231.0,22.0,9.523809523809524,1126164.0,5.0,361897.0,32.13537282314121,518.0,44.31372549019608,3.3378378378378377,556.930735930736
20250924,2025-09-24,2025,3,9,September,2025-2026,271.0,29.0,10.70110701107011,1317764.0,2.0,57836.0,4.388949766422516,527.0,39.75903614457831,3.222011385199241,535.8966789667896
20250925,2025-09-25,2025,3,9,September,2025-2026,270.0,20.0,7.4074074074074066,1284929.0,2.0,148562.0,11.561883964016689,540.0,39.682539682539684,3.2925925925925927,559.0962962962963
20250926,2025-09-26,2025,3,9,September,2025-2026,272.0,24.0,8.823529411764707,1314368.0,1.0,38369.0,2.919197667624288,518.0,35.15625,3.4073359073359075,546.3235294117648
20250927,2025-09-27,2025,3,9,September,2025-2026,262.0,20.0,7.633587786259542,1264854.0,7.0,579327.0,45.80188701620899,555.0,36.36363636363637,3.3189189189189188,513.0496183206106
20250928,2025-09-28,2025,3,9,September,2025-2026,268.0,21.0,7.835820895522389,1294336.0,3.0,80396.0,6.211370154272152,550.0,36.36363636363637,3.3745454545454545,533.7462686567164
20250929,2025-09-29,2025,3,9,September,2025-2026,251.0,22.0,8.764940239043826,1218007.0,1.0,117030.0,9.608319164011373,499.0,32.11678832116788,3.3607214428857715,559.7768924302788
20250930,2025-09-30,2025,3,9,September,2025-2026,262.0,23.0,8.778625954198473,1288369.0,5.0,497742.0,38.63349708041718,559.0,29.01960784313726,3.445438282647585,539.4045801526718
20251001,2025-10-01,2025,4,10,October,2025-2026,261.0,25.0,9.578544061302683,1255767.0,3.0,318565.0,25.368161450332742,504.0,32.295719844357976,3.3015873015873014,534.6858237547892
20251002,2025-10-02,2025,4,10,October,2025-2026,279.0,37.0,13.261648745519713,1358283.0,4.0,419585.0,30.890837918165804,543.0,36.95652173913043,3.3885819521178635,566.1756272401434
20251003,2025-10-03,2025,4,10,October,2025-2026,252.0,25.0,9.920634920634921,1229590.0,1.0,93932.0,7.6392943989459905,515.0,37.18411552346571,3.2796116504854367,547.2142857142857
20251004,2025-10-04,2025,4,10,October,2025-2026,265.0,30.0,11.320754716981133,1273801.0,3.0,222492.0,17.466778562742533,551.0,39.405204460966544,3.246823956442831,550.9811320754717
20251005,2025-10-05,2025,4,10,October,2025-2026,296.0,33.0,11.14864864864865,1419533.0,5.0,244496.0,17.223692580588125,539.0,34.98098859315589,3.2801484230055657,549.9155405405405
20251006,2025-10-06,2025,4,10,October,2025-2026,295.0,31.0,10.508474576271185,1426636.0,1.0,10851.0,0.7606004615052473,574.0,42.248062015503876,3.3658536585365852,568.8169491525424
20251007,2025-10-07,2025,4,10,October,2025-2026,281.0,22.0,7.829181494661921,1368792.0,5.0,521853.0,38.12507670997493,604.0,39.86486486486486,3.2152317880794703,558.2135231316726
20251008,2025-10-08,2025,4,10,October,2025-2026,275.0,34.0,12.363636363636363,1321152.0,2.0,162043.0,12.265280603594439,550.0,34.42028985507246,3.2454545454545456,555.2363636363636
20251009,2025-10-09,2025,4,10,October,2025-2026,272.0,29.0,10.661764705882353,1295666.0,8.0,467997.0,36.120188381882365,586.0,39.492753623188406,3.343003412969283,562.4632352941177
20251010,2025-10-10,2025,4,10,October,2025-2026,260.0,21.0,8.076923076923077,1251492.0,4.0,323737.0,25.86808385511054,507.0,33.204633204633204,3.244575936883629,501.76153846153846
20251011,2025-10-11,2025,4,10,October,2025-2026,264.0,29.0,10.984848484848484,1266705.0,3.0,144822.0,11.432969791703671,509.0,34.146341463414636,3.4400785854616895,538.969696969697
20251012,2025-10-12,2025,4,10,October,2025-2026,262.0,26.0,9.923664122137405,1253893.0,6.0,422642.0,33.706384835069656,516.0,35.54006968641115,3.4147286821705425,540.1335877862596
20251013,2025-10-13,2025,4,10,October,2025-2026,298.0,30.0,10.06711409395973,1436214.0,3.0,267699.0,18.639213933299633,541.0,33.84615384615385,3.2402957486136783,543.2785234899329
20251014,2025-10-14,2025,4,10,October,2025-2026,257.0,30.0,11.673151750972762,1251445.0,1.0,65166.0,5.207260406969543,558.0,35.43307086614173,3.3118279569892475,573.5875486381323
20251015,2025-10-15,2025,4,10,October,2025-2026,265.0,29.0,10.943396226415095,1287478.0,5.0,409618.0,31.815533935337147,577.0,35.61643835616438,3.268630849220104,556.7622641509435
20251016,2025-10-16,2025,4,10,October,2025-2026,250.0,22.0,8.799999999999999,1198125.0,3.0,233339.0,19.475346896191965,489.0,36.507936507936506,3.4314928425357873,521.376
20251017,2025-10-17,2025,4,10,October,2025-2026,278.0,29.0,10.431654676258994,1336713.0,3.0,152990.0,11.445239179988524,535.0,36.462093862815884,3.2672897196261683,553.9748201438849
20251018,2025-10-18,2025,4,10,October,2025-2026,259.0,25.0,9.652509652509652,1256155.0,2.0,115271.0,9.176494938920754,488.0,32.83018867924528,3.2561475409836067,544.5752895752896
20251019,2025-10-19,2025,4,10,October,2025-2026,278.0,22.0,7.913669064748201,1334371.0,2.0,161285.0,12.086968316907367,552.0,40.22140221402214,3.306159420289855,541.615107913669
20251020,2025-10-20,2025,4,10,October,2025-2026,269.0,41.0,15.241635687732341,1309808.0,3.0,270514.0,20.652950661470996,531.0,29.213483146067414,3.335216572504708,550.8327137546469
20251021,2025-10-21,2025,4,10,October,2025-2026,275.0,31.0,11.272727272727273,1333002.0,2.0,176904.0,13.271097867820153,559.0,33.687943262411345,3.3935599284436493,537.8618181818182
20251022,2025-10-22,2025,4,10,October,2025-2026,249.0,31.0,12.449799196787147,1199215.0,2.0,175276.0,14.615894564360854,528.0,32.677165354330704,3.340909090909091,551.6947791164658
20251023,2025-10-23,2025,4,10,October,2025-2026,268.0,28.0,10.44776119402985,1300040.0,4.0,237502.0,18.2688224977693,526.0,37.174721189591075,3.2452471482889735,552.75
20251024,2025-10-24,2025,4,10,October,2025-2026,278.0,27.0,9.712230215827338,1357100.0,5.0,372800.0,27.470341168668483,519.0,35.60606060606061,3.3198458574181116,542.1223021582733
20251025,2025-10-25,2025,4,10,October,2025-2026,247.0,14.0,5.668016194331984,1189369.0,5.0,472286.0,39.70895491643048,517.0,43.84615384615385,3.355899419729207,539.1943319838057
20251026,2025-10-26,2025,4,10,October,2025-2026,254.0,28.0,11.023622047244094,1215189.0,6.0,481567.0,39.6289795249957,511.0,37.453183520599254,3.3933463796477494,536.8267716535433
20251027,2025-10-27,2025,4,10,October,2025-2026,264.0,33.0,12.5,1304895.0,2.0,86896.0,6.659233118373509,489.0,35.62753036437247,3.3333333333333335,546.7954545454545
20251028,2025-10-28,2025,4,10,October,2025-2026,271.0,25.0,9.22509225092251,1307411.0,4.0,424610.0,32.47716288145044,571.0,38.13229571984436,3.3134851138353767,517.1143911439115
20251029,2025-10-29,2025,4,10,October,2025-2026,276.0,25.0,9.057971014492754,1335277.0,3.0,190513.0,14.267676294881138,556.0,40.15151515151515,3.4370503597122304,560.6340579710145
20251030,2025-10-30,2025,4,10,October,2025-2026,267.0,30.0,11.235955056179774,1282942.0,3.0,305164.0,23.786266253657608,527.0,35.49618320610687,3.3434535104364325,538.1123595505618
20251031,2025-10-31,2025,4,10,October,2025-2026,258.0,26.0,10.077519379844961,1249002.0,3.0,255833.0,20.48299362210789,564.0,40.94488188976378,3.3067375886524824,538.9341085271318
20251101,2025-11-01,2025,4,11,November,2025-2026,275.0,17.0,6.181818181818182,1331057.0,3.0,311653.0,23.413948463514334,470.0,34.172661870503596,3.304255319148936,514.9090909090909
20251102,2025-11-02,2025,4,11,November,2025-2026,284.0,29.0,10.211267605633804,1369290.0,1.0,135235.0,9.8762862505386,574.0,32.52595155709342,3.461672473867596,558.7042253521126
20251103,2025-11-03,2025,4,11,November,2025-2026,255.0,17.0,6.666666666666667,1222480.0,8.0,820793.0,67.14163012891827,551.0,31.517509727626457,3.3992740471869327,564.2941176470588
20251104,2025-11-04,2025,4,11,November,2025-2026,282.0,33.0,11.702127659574469,1366281.0,1.0,6439.0,0.4712793341926002,530.0,35.83617747440273,3.3754716981132074,529.918439716312
20251105,2025-11-05,2025,4,11,November,2025-2026,263.0,23.0,8.745247148288973,1283950.0,4.0,214033.0,16.669885898983605,559.0,31.417624521072796,3.250447227191413,551.1482889733841
20251106,2025-11-06,2025,4,11,November,2025-2026,256.0,36.0,14.0625,1232999.0,5.0,580140.0,47.05113305039177,513.0,36.328125,3.405458089668616,545.08984375
20251107,2025-11-07,2025,4,11,November,2025-2026,270.0,32.0,11.851851851851853,1317174.0,3.0,316697.0,24.04367228627349,498.0,41.98473282442748,3.3734939759036147,559.7888888888889
20251108,2025-11-08,2025,4,11,November,2025-2026,273.0,26.0,9.523809523809524,1324527.0,2.0,163145.0,12.317227206391413,550.0,33.69565217391305,3.3163636363636364,543.6813186813187
20251109,2025-11-09,2025,4,11,November,2025-2026,281.0,37.0,13.167259786476867,1365440.0,3.0,318823.0,23.34946976798688,533.0,33.44594594594595,3.2870544090056284,541.6014234875445
20251110,2025-11-10,2025,4,11,November,2025-2026,304.0,30.0,9.868421052631579,1463803.0,4.0,468298.0,31.991873223377738,579.0,31.203007518796994,3.2867012089810017,538.5723684210526
20251111,2025-11-11,2025,4,11,November,2025-2026,282.0,36.0,12.76595744680851,1363773.0,4.0,270410.0,19.828079893061382,580.0,38.515901060070675,3.2293103448275864,554.7978723404256
20251112,2025-11-12,2025,4,11,November,2025-2026,289.0,19.0,6.5743944636678195,1400156.0,2.0,58148.0,4.152965812380907,590.0,37.63066202090592,3.3661016949152542,538.3494809688582
20251113,2025-11-13,2025,4,11,November,2025-2026,276.0,28.0,10.144927536231885,1324262.0,4.0,334741.0,25.277550816983346,570.0,34.01360544217687,3.294736842105263,553.4601449275362
20251114,2025-11-14,2025,4,11,November,2025-2026,259.0,30.0,11.583011583011583,1253819.0,4.0,358490.0,28.59184619151568,534.0,37.591240875912405,3.3820224719101124,527.957528957529
20251115,2025-11-15,2025,4,11,November,2025-2026,248.0,20.0,8.064516129032258,1180290.0,5.0,244935.0,20.752103296647434,523.0,38.07829181494662,3.3250478011472278,530.6612903225806
20251116,2025-11-16,2025,4,11,November,2025-2026,233.0,18.0,7.725321888412018,1136586.0,4.0,379076.0,33.35216164900852,510.0,30.252100840336134,3.3450980392156864,539.8111587982833
20251117,2025-11-17,2025,4,11,November,2025-2026,262.0,24.0,9.16030534351145,1275892.0,4.0,346747.0,27.17683001382562,444.0,33.45864661654135,3.4324324324324325,541.6603053435115
20251118,2025-11-18,2025,4,11,November,2025-2026,286.0,25.0,8.741258741258742,1369536.0,3.0,246127.0,17.97156117108276,536.0,39.27125506072874,3.296641791044776,514.1643356643357
20251119,2025-11-19,2025,4,11,November,2025-2026,269.0,28.0,10.408921933085502,1281347.0,5.0,401321.0,31.32024346254371,563.0,39.453125,3.230905861456483,547.9368029739777
20251120,2025-11-20,2025,4,11,November,2025-2026,262.0,28.0,10.687022900763358,1258324.0,4.0,301266.0,23.941846456079674,544.0,39.163498098859314,3.3474264705882355,539.4732824427481
20251121,2025-11-21,2025,4,11,November,2025-2026,280.0,27.0,9.642857142857144,1346119.0,7.0,576811.0,42.849926343807645,548.0,38.72053872053872,3.386861313868613,548.9928571428571
20251122,2025-11-22,2025,4,11,November,2025-2026,256.0,20.0,7.8125,1246408.0,3.0,319950.0,25.66976463565702,550.0,36.46616541353384,3.370909090909091,540.05859375
20251123,2025-11-23,2025,4,11,November,2025-2026,280.0,28.0,10.0,1375204.0,4.0,177127.0,12.880052704907783,524.0,36.4,3.4026717557251906,560.1
20251124,2025-11-24,2025,4,11,November,2025-2026,260.0,29.0,11.153846153846155,1256137.0,0.0,0.0,0.0,519.0,35.785953177257525,3.3198458574181116,554.6461538461539
20251125,2025-11-25,2025,4,11,November,2025-2026,250.0,19.0,7.6,1213209.0,5.0,281646.0,23.214961313343373,545.0,38.68312757201646,3.304587155963303,559.312
20251126,2025-11-26,2025,4,11,November,2025-2026,270.0,22.0,8.148148148148149,1316476.0,4.0,406670.0,30.890802414931983,554.0,33.70786516853933,3.259927797833935,549.5555555555555
20251127,2025-11-27,2025,4,11,November,2025-2026,276.0,23.0,8.333333333333332,1336873.0,1.0,31103.0,2.3265485951171128,505.0,34.12698412698413,3.3504950495049504,517.5652173913044
20251128,2025-11-28,2025,4,11,November,2025-2026,268.0,31.0,11.567164179104477,1293817.0,1.0,5262.0,0.40670357554430037,500.0,38.52459016393443,3.376,540.1380597014926
20251129,2025-11-29,2025,4,11,November,2025-2026,262.0,25.0,9.541984732824428,1259713.0,5.0,380851.0,30.233156282423057,562.0,35.0,3.398576512455516,537.8435114503817
20251130,2025-11-30,2025,4,11,November,2025-2026,245.0,23.0,9.387755102040817,1187127.0,2.0,182661.0,15.38681202600901,507.0,38.435374149659864,3.3727810650887573,532.3714285714286
20251201,2025-12-01,2025,4,12,December,2025-2026,305.0,29.0,9.508196721311474,1465877.0,5.0,241278.0,16.459634744252075,510.0,38.059701492537314,3.4313725490196076,548.0622950819672
20251202,2025-12-02,2025,4,12,December,2025-2026,293.0,28.0,9.556313993174061,1430165.0,0.0,0.0,0.0,583.0,38.513513513513516,3.3327615780445967,556.7474402730376
20251203,2025-12-03,2025,4,12,December,2025-2026,267.0,21.0,7.865168539325842,1285957.0,5.0,394282.0,30.660589739781347,570.0,38.02281368821293,3.2157894736842105,510.1947565543071
20251204,2025-12-04,2025,4,12,December,2025-2026,247.0,26.0,10.526315789473683,1204336.0,8.0,643514.0,53.43309508309974,529.0,38.582677165354326,3.3572778827977316,557.3684210526316
20251205,2025-12-05,2025,4,12,December,2025-2026,271.0,29.0,10.70110701107011,1315301.0,5.0,267955.0,20.372142954350373,511.0,33.935018050541515,3.328767123287671,548.8450184501845
20251206,2025-12-06,2025,4,12,December,2025-2026,235.0,26.0,11.063829787234042,1144350.0,8.0,791808.0,69.19281688294664,512.0,36.904761904761905,3.318359375,541.531914893617
20251207,2025-12-07,2025,4,12,December,2025-2026,258.0,26.0,10.077519379844961,1253388.0,6.0,396419.0,31.627796021662885,519.0,40.3921568627451,3.3352601156069364,563.7364341085271
20251208,2025-12-08,2025,4,12,December,2025-2026,260.0,22.0,8.461538461538462,1258992.0,6.0,669001.0,53.13782772249546,502.0,37.45454545454546,3.185258964143426,511.5423076923077
20251209,2025-12-09,2025,4,12,December,2025-2026,279.0,19.0,6.810035842293908,1359453.0,5.0,371658.0,27.338789939777246,535.0,37.06563706563706,3.364485981308411,546.6057347670251
20251210,2025-12-10,2025,4,12,December,2025-2026,251.0,25.0,9.9601593625498,1211324.0,4.0,362587.0,29.93311450941284,503.0,37.45019920318725,3.429423459244533,553.6294820717131
20251211,2025-12-11,2025,4,12,December,2025-2026,265.0,16.0,6.037735849056604,1289119.0,0.0,0.0,0.0,508.0,35.06944444444444,3.265748031496063,529.4528301886793
20251212,2025-12-12,2025,4,12,December,2025-2026,277.0,22.0,7.9422382671480145,1333119.0,4.0,242677.0,18.20370124497513,529.0,40.8,3.3194706994328924,529.5018050541516
20251213,2025-12-13,2025,4,12,December,2025-2026,248.0,30.0,12.096774193548388,1195523.0,6.0,458489.0,38.35049597540156,532.0,40.07936507936508,3.2518796992481205,562.8306451612904
20251214,2025-12-14,2025,4,12,December,2025-2026,262.0,35.0,13.358778625954198,1263288.0,7.0,760877.0,60.22989215444142,548.0,38.24701195219124,3.3138686131386863,578.5076335877862
20251215,2025-12-15,2025,4,12,December,2025-2026,279.0,27.0,9.67741935483871,1320511.0,4.0,258183.0,19.55174928493591,524.0,36.22641509433962,3.3110687022900764,547.5304659498208
20251216,2025-12-16,2025,4,12,December,2025-2026,267.0,24.0,8.98876404494382,1287621.0,7.0,554152.0,43.0368874070864,536.0,37.992831541218635,3.300373134328358,560.5393258426966
20251217,2025-12-17,2025,4,12,December,2025-2026,273.0,24.0,8.791208791208792,1297806.0,4.0,440351.0,33.930417951527424,515.0,42.80701754385965,3.21747572815534,547.1062271062272
20251218,2025-12-18,2025,4,12,December,2025-2026,223.0,24.0,10.762331838565023,1084020.0,3.0,205288.0,18.937657976790096,505.0,34.20074349442379,3.3623762376237623,543.9955156950673
20251219,2025-12-19,2025,4,12,December,2025-2026,291.0,40.0,13.745704467353953,1396904.0,2.0,183579.0,13.141847972373192,536.0,33.07984790874524,3.3078358208955225,537.7044673539519
20251220,2025-12-20,2025,4,12,December,2025-2026,270.0,26.0,9.62962962962963,1316509.0,7.0,386402.0,29.350501971501902,511.0,35.08771929824561,3.2367906066536203,562.2074074074075
20251221,2025-12-21,2025,4,12,December,2025-2026,241.0,19.0,7.883817427385892,1157720.0,10.0,850371.0,73.45221642538783,523.0,40.647482014388494,3.349904397705545,532.161825726141
20251222,2025-12-22,2025,4,12,December,2025-2026,261.0,33.0,12.643678160919542,1268561.0,4.0,353820.0,27.891445504000203,498.0,36.74242424242424,3.2429718875502007,554.8505747126437
20251223,2025-12-23,2025,4,12,December,2025-2026,268.0,26.0,9.701492537313433,1295195.0,6.0,528451.0,40.800883264682156,525.0,36.22047244094488,3.220952380952381,571.6679104477612
20251224,2025-12-24,2025,4,12,December,2025-2026,267.0,18.0,6.741573033707865,1281101.0,4.0,161861.0,12.634522961109235,526.0,34.21052631578947,3.4372623574144487,538.4756554307116
20251225,2025-12-25,2025,4,12,December,2025-2026,283.0,31.0,10.954063604240282,1374582.0,2.0,232395.0,16.906594150076167,542.0,31.203007518796994,3.263837638376384,566.5724381625441
20251226,2025-12-26,2025,4,12,December,2025-2026,259.0,23.0,8.880308880308881,1246604.0,4.0,406299.0,32.59246721492952,487.0,39.015151515151516,3.291581108829569,516.7335907335907
20251227,2025-12-27,2025,4,12,December,2025-2026,279.0,36.0,12.903225806451612,1353257.0,3.0,206139.0,15.232805003040811,555.0,38.095238095238095,3.254054054054054,546.483870967742
20251228,2025-12-28,2025,4,12,December,2025-2026,284.0,33.0,11.619718309859154,1374160.0,6.0,530403.0,38.59834371543343,566.0,38.46153846153847,3.1908127208480566,559.443661971831
20251229,2025-12-29,2025,4,12,December,2025-2026,283.0,30.0,10.60070671378092,1385522.0,4.0,237437.0,17.137006846517053,552.0,37.63066202090592,3.2681159420289854,544.9681978798586
20251230,2025-12-30,2025,4,12,December,2025-2026,273.0,31.0,11.355311355311356,1333031.0,5.0,459395.0,34.462439358124456,547.0,35.27272727272727,3.3180987202925047,554.8901098901099
20251231,2025-12-31,2025,4,12,December,2025-2026,268.0,18.0,6.7164179104477615,1289533.0,7.0,509056.0,39.4759963490659,572.0,36.84210526315789,3.410839160839161,512.3320895522388
20260101,2026-01-01,2026,1,1,January,2025-2026,0.0,0.0,,0.0,2.0,156339.0,15633900.0,339.0,37.5609756097561,3.368731563421829,
20260102,2026-01-02,2026,1,1,January,2025-2026,0.0,0.0,,0.0,4.0,406188.0,40618800.0,186.0,34.78260869565217,3.3225806451612905,
20260103,2026-01-03,2026,1,1,January,2025-2026,0.0,0.0,,0.0,8.0,378446.0,37844600.0,0.0,36.69724770642202,,
20260104,2026-01-04,2026,1,1,January,2025-2026,0.0,0.0,,0.0,2.0,184053.0,18405300.0,0.0,42.857142857142854,,
20260105,2026-01-05,2026,1,1,January,2025-2026,0.0,0.0,,0.0,6.0,458440.0,45844000.0,0.0,,,
20260106,2026-01-06,2026,1,1,January,2025-2026,0.0,0.0,,0.0,1.0,6961.0,696100.0,0.0,,,
20260107,2026-01-07,2026,1,1,January,2025-2026,0.0,0.0,,0.0,6.0,468579.0,46857900.0,0.0,,,
20260108,2026-01-08,2026,1,1,January,2025-2026,0.0,0.0,,0.0,10.0,570317.0,57031700.0,0.0,,,
20260109,2026-01-09,2026,1,1,January,2025-2026,0.0,0.0,,0.0,3.0,296431.0,29643100.0,0.0,,,
20260110,2026-01-10,2026,1,1,January,2025-2026,0.0,0.0,,0.0,5.0,331246.0,33124600.0,0.0,,,
20260111,2026-01-11,2026,1,1,January,2025-2026,0.0,0.0,,0.0,4.0,343225.0,34322500.0,0.0,,,
20260112,2026-01-12,2026,1,1,January,2025-2026,0.0,0.0,,0.0,6.0,611438.0,61143800.0,0.0,,,
20260113,2026-01-13,2026,1,1,January,2025-2026,0.0,0.0,,0.0,8.0,580411.0,58041100.0,0.0,,,
20260114,2026-01-14,2026,1,1,January,2025-2026,0.0,0.0,,0.0,5.0,442668.0,44266800.0,0.0,,,
20260115,2026-01-15,2026,1,1,January,2025-2026,0.0,0.0,,0.0,6.0,453359.0,45335900.0,0.0,,,
20260116,2026-01-16,2026,1,1,January,2025-2026,0.0,0.0,,0.0,3.0,265153.0,26515300.0,0.0,,,
20260117,2026-01-17,2026,1,1,January,2025-2026,0.0,0.0,,0.0,4.0,174557.0,17455700.0,0.0,,,
20260118,2026-01-18,2026,1,1,January,2025-2026,0.0,0.0,,0.0,1.0,115414.0,11541400.0,0.0,,,
20260119,2026-01-19,2026,1,1,January,2025-2026,0.0,0.0,,0.0,6.0,579951.0,57995100.0,0.0,,,
20260120,2026-01-20,2026,1,1,January,2025-2026,0.0,0.0,,0.0,3.0,257966.0,25796600.0,0.0,,,
20260121,2026-01-21,2026,1,1,January,2025-2026,0.0,0.0,,0.0,5.0,530035.0,53003500.0,0.0,,,
20260122,2026-01-22,2026,1,1,January,2025-2026,0.0,0.0,,0.0,4.0,369712.0,36971200.0,0.0,,,
20260123,2026-01-23,2026,1,1,January,2025-2026,0.0,0.0,,0.0,1.0,76936.0,7693600.0,0.0,,,
20260124,2026-01-24,2026,1,1,January,2025-2026,0.0,0.0,,0.0,5.0,319433.0,31943300.0,0.0,,,
20260125,2026-01-25,2026,1,1,January,2025-2026,0.0,0.0,,0.0,6.0,384342.0,38434200.0,0.0,,,
20260126,2026-01-26,2026,1,1,January,2025-2026,0.0,0.0,,0.0,7.0,373916.0,37391600.0,0.0,,,
20260127,2026-01-27,2026,1,1,January,2025-2026,0.0,0.0,,0.0,4.0,341401.0,34140100.0,0.0,,,
20260128,2026-01-28,2026,1,1,January,2025-2026,0.0,0.0,,0.0,5.0,464690.0,46469000.0,0.0,,,
20260129,2026-01-29,2026,1,1,January,2025-2026,0.0,0.0,,0.0,5.0,341635.0,34163500.0,0.0,,,
20260130,2026-01-30,2026,1,1,January,2025-2026,0.0,0.0,,0.0,2.0,137290.0,13729000.0,0.0,,,
20260131,2026-01-31,2026,1,1,January,2025-2026,0.0,0.0,,0.0,6.0,616676.0,61667600.0,0.0,,,
20260201,2026-02-01,2026,1,2,February,2025-2026,0.0,0.0,,0.0,8.0,892681.0,89268100.0,0.0,,,
20260202,2026-02-02,2026,1,2,February,2025-2026,0.0,0.0,,0.0,3.0,358386.0,35838600.0,0.0,,,
20260203,2026-02-03,2026,1,2,February,2025-2026,0.0,0.0,,0.0,6.0,282788.0,28278800.0,0.0,,,
20260204,2026-02-04,2026,1,2,February,2025-2026,0.0,0.0,,0.0,4.0,217011.0,21701100.0,0.0,,,
20260205,2026-02-05,2026,1,2,February,2025-2026,0.0,0.0,,0.0,6.0,425775.0,42577500.0,0.0,,,
20260206,2026-02-06,2026,1,2,February,2025-2026,0.0,0.0,,0.0,3.0,272255.0,27225500.0,0.0,,,
20260207,2026-02-07,2026,1,2,February,2025-2026,0.0,0.0,,0.0,2.0,241952.0,24195200.0,0.0,,,
20260208,2026-02-08,2026,1,2,February,2025-2026,0.0,0.0,,0.0,4.0,287002.0,28700200.0,0.0,,,
20260209,2026-02-09,2026,1,2,February,2025-2026,0.0,0.0,,0.0,7.0,400593.0,40059300.0,0.0,,,
20260210,2026-02-10,2026,1,2,February,2025-2026,0.0,0.0,,0.0,5.0,469663.0,46966300.0,0.0,,,
20260211,2026-02-11,2026,1,2,February,2025-2026,0.0,0.0,,0.0,6.0,426033.0,42603300.0,0.0,,,
20260212,2026-02-12,2026,1,2,February,2025-2026,0.0,0.0,,0.0,6.0,489575.0,48957500.0,0.0,,,
20260213,2026-02-13,2026,1,2,February,2025-2026,0.0,0.0,,0.0,7.0,671472.0,67147200.0,0.0,,,
20260214,2026-02-14,2026,1,2,February,2025-2026,0.0,0.0,,0.0,3.0,218230.0,21823000.0,0.0,,,
20260215,2026-02-15,2026,1,2,February,2025-2026,0.0,0.0,,0.0,5.0,334029.0,33402900.0,0.0,,,
20260216,2026-02-16,2026,1,2,February,2025-2026,0.0,0.0,,0.0,2.0,199016.0,19901600.0,0.0,,,
20260217,2026-02-17,2026,1,2,February,2025-2026,0.0,0.0,,0.0,4.0,342316.0,34231600.0,0.0,,,
20260218,2026-02-18,2026,1,2,February,2025-2026,0.0,0.0,,0.0,5.0,418290.0,41829000.0,0.0,,,
20260219,2026-02-19,2026,1,2,February,2025-2026,0.0,0.0,,0.0,6.0,482382.0,48238200.0,0.0,,,
20260220,2026-02-20,2026,1,2,February,2025-2026,0.0,0.0,,0.0,7.0,592464.0,59246400.0,0.0,,,
20260221,2026-02-21,2026,1,2,February,2025-2026,0.0,0.0,,0.0,3.0,154453.0,15445300.0,0.0,,,
20260222,2026-02-22,2026,1,2,February,2025-2026,0.0,0.0,,0.0,1.0,81789.0,8178900.0,0.0,,,
20260223,2026-02-23,2026,1,2,February,2025-2026,0.0,0.0,,0.0,7.0,713571.0,71357100.0,0.0,,,
20260224,2026-02-24,2026,1,2,February,2025-2026,0.0,0.0,,0.0,6.0,607220.0,60722000.0,0.0,,,
20260225,2026-02-25,2026,1,2,February,2025-2026,0.0,0.0,,0.0,5.0,391082.0,39108200.0,0.0,,,
20260226,2026-02-26,2026,1,2,February,2025-2026,0.0,0.0,,0.0,4.0,294663.0,29466300.0,0.0,,,
20260227,2026-02-27,2026,1,2,February,2025-2026,0.0,0.0,,0.0,4.0,315134.0,31513400.0,0.0,,,
20260228,2026-02-28,2026,1,2,February,2025-2026,0.0,0.0,,0.0,2.0,96991.0,9699100.0,0.0,,,
20260301,2026-03-01,2026,1,3,March,2025-2026,0.0,0.0,,0.0,11.0,896613.0,89661300.0,0.0,,,
20260302,2026-03-02,2026,1,3,March,2025-2026,0.0,0.0,,0.0,5.0,307517.0,30751700.0,0.0,,,
20260303,2026-03-03,2026,1,3,March,2025-2026,0.0,0.0,,0.0,9.0,622106.0,62210600.0,0.0,,,
20260304,2026-03-04,2026,1,3,March,2025-2026,0.0,0.0,,0.0,3.0,231762.0,23176200.0,0.0,,,
20260305,2026-03-05,2026,1,3,March,2025-2026,0.0,0.0,,0.0,2.0,123527.0,12352700.0,0.0,,,
20260306,2026-03-06,2026,1,3,March,2025-2026,0.0,0.0,,0.0,5.0,338207.0,33820700.0,0.0,,,
20260307,2026-03-07,2026,1,3,March,2025-2026,0.0,0.0,,0.0,4.0,361959.0,36195900.0,0.0,,,
20260308,2026-03-08,2026,1,3,March,2025-2026,0.0,0.0,,0.0,3.0,283051.0,28305100.0,0.0,,,
20260309,2026-03-09,2026,1,3,March,2025-2026,0.0,0.0,,0.0,6.0,318924.0,31892400.0,0.0,,,
20260310,2026-03-10,2026,1,3,March,2025-2026,0.0,0.0,,0.0,2.0,75354.0,7535400.0,0.0,,,
20260311,2026-03-11,2026,1,3,March,2025-2026,0.0,0.0,,0.0,3.0,156031.0,15603100.0,0.0,,,
20260312,2026-03-12,2026,1,3,March,2025-2026,0.0,0.0,,0.0,2.0,136470.0,13647000.0,0.0,,,
20260313,2026-03-13,2026,1,3,March,2025-2026,0.0,0.0,,0.0,1.0,143178.0,14317800.0,0.0,,,
20260314,2026-03-14,2026,1,3,March,2025-2026,0.0,0.0,,0.0,5.0,301400.0,30140000.0,0.0,,,
20260315,2026-03-15,2026,1,3,March,2025-2026,0.0,0.0,,0.0,7.0,600523.0,60052300.0,0.0,,,
20260316,2026-03-16,2026,1,3,March,2025-2026,0.0,0.0,,0.0,3.0,312432.0,31243200.0,0.0,,,
20260317,2026-03-17,2026,1,3,March,2025-2026,0.0,0.0,,0.0,3.0,215608.0,21560800.0,0.0,,,
20260318,2026-03-18,2026,1,3,March,2025-2026,0.0,0.0,,0.0,9.0,665890.0,66589000.0,0.0,,,
20260319,2026-03-19,2026,1,3,March,2025-2026,0.0,0.0,,0.0,7.0,612100.0,61210000.0,0.0,,,
20260320,2026-03-20,2026,1,3,March,2025-2026,0.0,0.0,,0.0,4.0,358229.0,35822900.0,0.0,,,
20260321,2026-03-21,2026,1,3,March,2025-2026,0.0,0.0,,0.0,6.0,437484.0,43748400.0,0.0,,,
20260322,2026-03-22,2026,1,3,March,2025-2026,0.0,0.0,,0.0,1.0,17303.0,1730300.0,0.0,,,
20260323,2026-03-23,2026,1,3,March,2025-2026,0.0,0.0,,0.0,4.0,362097.0,36209700.0,0.0,,,
20260324,2026-03-24,2026,1,3,March,2025-2026,0.0,0.0,,0.0,7.0,527215.0,52721500.0,0.0,,,
20260325,2026-03-25,2026,1,3,March,2025-2026,0.0,0.0,,0.0,7.0,347257.0,34725700.0,0.0,,,
20260326,2026-03-26,2026,1,3,March,2025-2026,0.0,0.0,,0.0,6.0,428980.0,42898000.0,0.0,,,
20260327,2026-03-27,2026,1,3,March,2025-2026,0.0,0.0,,0.0,5.0,416259.0,41625900.0,0.0,,,
20260328,2026-03-28,2026,1,3,March,2025-2026,0.0,0.0,,0.0,7.0,458124.0,45812400.0,0.0,,,
20260329,2026-03-29,2026,1,3,March,2025-2026,0.0,0.0,,0.0,5.0,533826.0,53382600.0,0.0,,,
20260330,2026-03-30,2026,1,3,March,2025-2026,0.0,0.0,,0.0,6.0,425040.0,42504000.0,0.0,,,
20260331,2026-03-31,2026,1,3,March,2025-2026,0.0,0.0,,0.0,2.0,169198.0,16919800.0,0.0,,,
20260401,2026-04-01,2026,2,4,April,2026-2027,0.0,0.0,,0.0,2.0,147597.0,14759700.0,0.0,,,
20260402,2026-04-02,2026,2,4,April,2026-2027,0.0,0.0,,0.0,4.0,281189.0,28118900.0,0.0,,,
20260403,2026-04-03,2026,2,4,April,2026-2027,0.0,0.0,,0.0,6.0,559730.0,55973000.0,0.0,,,
20260404,2026-04-04,2026,2,4,April,2026-2027,0.0,0.0,,0.0,3.0,194929.0,19492900.0,0.0,,,
20260405,2026-04-05,2026,2,4,April,2026-2027,0.0,0.0,,0.0,6.0,517464.0,51746400.0,0.0,,,
20260406,2026-04-06,2026,2,4,April,2026-2027,0.0,0.0,,0.0,2.0,179788.0,17978800.0,0.0,,,
20260407,2026-04-07,2026,2,4,April,2026-2027,0.0,0.0,,0.0,5.0,383514.0,38351400.0,0.0,,,
20260408,2026-04-08,2026,2,4,April,2026-2027,0.0,0.0,,0.0,5.0,377787.0,37778700.0,0.0,,,
20260409,2026-04-09,2026,2,4,April,2026-2027,0.0,0.0,,0.0,3.0,278736.0,27873600.0,0.0,,,
20260410,2026-04-10,2026,2,4,April,2026-2027,0.0,0.0,,0.0,3.0,272065.0,27206500.0,0.0,,,
20260411,2026-04-11,2026,2,4,April,2026-2027,0.0,0.0,,0.0,4.0,118872.0,11887200.0,0.0,,,
20260412,2026-04-12,2026,2,4,April,2026-2027,0.0,0.0,,0.0,7.0,569719.0,56971900.0,0.0,,,
20260413,2026-04-13,2026,2,4,April,2026-2027,0.0,0.0,,0.0,1.0,132029.0,13202900.0,0.0,,,
20260414,2026-04-14,2026,2,4,April,2026-2027,0.0,0.0,,0.0,9.0,757626.0,75762600.0,0.0,,,
20260415,2026-04-15,2026,2,4,April,2026-2027,0.0,0.0,,0.0,6.0,632287.0,63228700.0,0.0,,,
20260416,2026-04-16,2026,2,4,April,2026-2027,0.0,0.0,,0.0,4.0,350744.0,35074400.0,0.0,,,
20260417,2026-04-17,2026,2,4,April,2026-2027,0.0,0.0,,0.0,5.0,350543.0,35054300.0,0.0,,,
20260418,2026-04-18,2026,2,4,April,2026-2027,0.0,0.0,,0.0,1.0,85208.0,8520800.0,0.0,,,
20260419,2026-04-19,2026,2,4,April,2026-2027,0.0,0.0,,0.0,7.0,357758.0,35775800.0,0.0,,,
20260420,2026-04-20,2026,2,4,April,2026-2027,0.0,0.0,,0.0,5.0,352128.0,35212800.0,0.0,,,
20260421,2026-04-21,2026,2,4,April,2026-2027,0.0,0.0,,0.0,6.0,600087.0,60008700.0,0.0,,,
20260422,2026-04-22,2026,2,4,April,2026-2027,0.0,0.0,,0.0,3.0,276790.0,27679000.0,0.0,,,
20260423,2026-04-23,2026,2,4,April,2026-2027,0.0,0.0,,0.0,5.0,306919.0,30691900.0,0.0,,,
20260424,2026-04-24,2026,2,4,April,2026-2027,0.0,0.0,,0.0,5.0,353092.0,35309200.0,0.0,,,
20260425,2026-04-25,2026,2,4,April,2026-2027,0.0,0.0,,0.0,7.0,572186.0,57218600.0,0.0,,,
20260426,2026-04-26,2026,2,4,April,2026-2027,0.0,0.0,,0.0,3.0,227611.0,22761100.0,0.0,,,
20260427,2026-04-27,2026,2,4,April,2026-2027,0.0,0.0,,0.0,5.0,480643.0,48064300.0,0.0,,,
20260428,2026-04-28,2026,2,4,April,2026-2027,0.0,0.0,,0.0,6.0,569765.0,56976500.0,0.0,,,
20260429,2026-04-29,2026,2,4,April,2026-2027,0.0,0.0,,0.0,6.0,488287.0,48828700.0,0.0,,,
20260430,2026-04-30,2026,2,4,April,2026-2027,0.0,0.0,,0.0,5.0,285446.0,28544600.0,0.0,,,
20260501,2026-05-01,2026,2,5,May,2026-2027,0.0,0.0,,0.0,3.0,266357.0,26635700.0,0.0,,,
20260502,2026-05-02,2026,2,5,May,2026-2027,0.0,0.0,,0.0,10.0,756443.0,75644300.0,0.0,,,
20260503,2026-05-03,2026,2,5,May,2026-2027,0.0,0.0,,0.0,5.0,486823.0,48682300.0,0.0,,,
20260504,2026-05-04,2026,2,5,May,2026-2027,0.0,0.0,,0.0,7.0,604115.0,60411500.0,0.0,,,
20260505,2026-05-05,2026,2,5,May,2026-2027,0.0,0.0,,0.0,4.0,330316.0,33031600.0,0.0,,,
20260506,2026-05-06,2026,2,5,May,2026-2027,0.0,0.0,,0.0,2.0,271570.0,27157000.0,0.0,,,
20260507,2026-05-07,2026,2,5,May,2026-2027,0.0,0.0,,0.0,5.0,459398.0,45939800.0,0.0,,,
20260508,2026-05-08,2026,2,5,May,2026-2027,0.0,0.0,,0.0,7.0,335513.0,33551300.0,0.0,,,
20260509,2026-05-09,2026,2,5,May,2026-2027,0.0,0.0,,0.0,6.0,455908.0,45590800.0,0.0,,,
20260510,2026-05-10,2026,2,5,May,2026-2027,0.0,0.0,,0.0,6.0,462114.0,46211400.0,0.0,,,
20260511,2026-05-11,2026,2,5,May,2026-2027,0.0,0.0,,0.0,5.0,489027.0,48902700.0,0.0,,,
20260512,2026-05-12,2026,2,5,May,2026-2027,0.0,0.0,,0.0,8.0,675828.0,67582800.0,0.0,,,
20260513,2026-05-13,2026,2,5,May,2026-2027,0.0,0.0,,0.0,5.0,478630.0,47863000.0,0.0,,,
20260514,2026-05-14,2026,2,5,May,2026-2027,0.0,0.0,,0.0,7.0,620167.0,62016700.0,0.0,,,
20260515,2026-05-15,2026,2,5,May,2026-2027,0.0,0.0,,0.0,2.0,189315.0,18931500.0,0.0,,,
20260516,2026-05-16,2026,2,5,May,2026-2027,0.0,0.0,,0.0,4.0,293353.0,29335300.0,0.0,,,
20260517,2026-05-17,2026,2,5,May,2026-2027,0.0,0.0,,0.0,6.0,481663.0,48166300.0,0.0,,,
20260518,2026-05-18,2026,2,5,May,2026-2027,0.0,0.0,,0.0,3.0,241589.0,24158900.0,0.0,,,
20260519,2026-05-19,2026,2,5,May,2026-2027,0.0,0.0,,0.0,7.0,460903.0,46090300.0,0.0,,,
20260520,2026-05-20,2026,2,5,May,2026-2027,0.0,0.0,,0.0,3.0,243091.0,24309100.0,0.0,,,
20260521,2026-05-21,2026,2,5,May,2026-2027,0.0,0.0,,0.0,3.0,340232.0,34023200.0,0.0,,,
20260522,2026-05-22,2026,2,5,May,2026-2027,0.0,0.0,,0.0,3.0,310083.0,31008300.0,0.0,,,
20260523,2026-05-23,2026,2,5,May,2026-2027,0.0,0.0,,0.0,2.0,131431.0,13143100.0,0.0,,,
20260524,2026-05-24,2026,2,5,May,2026-2027,0.0,0.0,,0.0,5.0,383000.0,38300000.0,0.0,,,
20260525,2026-05-25,2026,2,5,May,2026-2027,0.0,0.0,,0.0,6.0,441260.0,44126000.0,0.0,,,
20260526,2026-05-26,2026,2,5,May,2026-2027,0.0,0.0,,0.0,7.0,527160.0,52716000.0,0.0,,,
20260527,2026-05-27,2026,2,5,May,2026-2027,0.0,0.0,,0.0,6.0,411016.0,41101600.0,0.0,,,
20260528,2026-05-28,2026,2,5,May,2026-2027,0.0,0.0,,0.0,6.0,544984.0,54498400.0,0.0,,,
20260529,2026-05-29,2026,2,5,May,2026-2027,0.0,0.0,,0.0,6.0,622693.0,62269300.0,0.0,,,
20260530,2026-05-30,2026,2,5,May,2026-2027,0.0,0.0,,0.0,7.0,368793.0,36879300.0,0.0,,,
20260531,2026-05-31,2026,2,5,May,2026-2027,0.0,0.0,,0.0,6.0,382980.0,38298000.0,0.0,,,
20260601,2026-06-01,2026,2,6,June,2026-2027,0.0,0.0,,0.0,2.0,76192.0,7619200.0,0.0,,,
20260602,2026-06-02,2026,2,6,June,2026-2027,0.0,0.0,,0.0,4.0,413838.0,41383800.0,0.0,,,
20260603,2026-06-03,2026,2,6,June,2026-2027,0.0,0.0,,0.0,7.0,370497.0,37049700.0,0.0,,,
20260604,2026-06-04,2026,2,6,June,2026-2027,0.0,0.0,,0.0,10.0,782284.0,78228400.0,0.0,,,
20260605,2026-06-05,2026,2,6,June,2026-2027,0.0,0.0,,0.0,7.0,582003.0,58200300.0,0.0,,,
20260606,2026-06-06,2026,2,6,June,2026-2027,0.0,0.0,,0.0,6.0,466577.0,46657700.0,0.0,,,
20260607,2026-06-07,2026,2,6,June,2026-2027,0.0,0.0,,0.0,4.0,286441.0,28644100.0,0.0,,,
20260608,2026-06-08,2026,2,6,June,2026-2027,0.0,0.0,,0.0,5.0,520771.0,52077100.0,0.0,,,
20260609,2026-06-09,2026,2,6,June,2026-2027,0.0,0.0,,0.0,2.0,72833.0,7283300.0,0.0,,,
20260610,2026-06-10,2026,2,6,June,2026-2027,0.0,0.0,,0.0,3.0,341134.0,34113400.0,0.0,,,
20260611,2026-06-11,2026,2,6,June,2026-2027,0.0,0.0,,0.0,7.0,666458.0,66645800.0,0.0,,,
20260612,2026-06-12,2026,2,6,June,2026-2027,0.0,0.0,,0.0,5.0,361269.0,36126900.0,0.0,,,
20260613,2026-06-13,2026,2,6,June,2026-2027,0.0,0.0,,0.0,3.0,131604.0,13160400.0,0.0,,,
20260614,2026-06-14,2026,2,6,June,2026-2027,0.0,0.0,,0.0,3.0,122009.0,12200900.0,0.0,,,
20260615,2026-06-15,2026,2,6,June,2026-2027,0.0,0.0,,0.0,4.0,263249.0,26324900.0,0.0,,,
20260616,2026-06-16,2026,2,6,June,2026-2027,0.0,0.0,,0.0,5.0,341032.0,34103200.0,0.0,,,
20260617,2026-06-17,2026,2,6,June,2026-2027,0.0,0.0,,0.0,5.0,391031.0,39103100.0,0.0,,,
20260618,2026-06-18,2026,2,6,June,2026-2027,0.0,0.0,,0.0,3.0,151201.0,15120100.0,0.0,,,
20260619,2026-06-19,2026,2,6,June,2026-2027,0.0,0.0,,0.0,5.0,478553.0,47855300.0,0.0,,,
20260620,2026-06-20,2026,2,6,June,2026-2027,0.0,0.0,,0.0,5.0,293195.0,29319500.0,0.0,,,
20260621,2026-06-21,2026,2,6,June,2026-2027,0.0,0.0,,0.0,4.0,455223.0,45522300.0,0.0,,,
20260622,2026-06-22,2026,2,6,June,2026-2027,0.0,0.0,,0.0,8.0,619433.0,61943300.0,0.0,,,
20260623,2026-06-23,2026,2,6,June,2026-2027,0.0,0.0,,0.0,5.0,524114.0,52411400.0,0.0,,,
20260624,2026-06-24,2026,2,6,June,2026-2027,0.0,0.0,,0.0,8.0,590975.0,59097500.0,0.0,,,
20260625,2026-06-25,2026,2,6,June,2026-2027,0.0,0.0,,0.0,3.0,166873.0,16687300.0,0.0,,,
20260626,2026-06-26,2026,2,6,June,2026-2027,0.0,0.0,,0.0,5.0,436382.0,43638200.0,0.0,,,
20260627,2026-06-27,2026,2,6,June,2026-2027,0.0,0.0,,0.0,7.0,343345.0,34334500.0,0.0,,,
20260628,2026-06-28,2026,2,6,June,2026-2027,0.0,0.0,,0.0,4.0,348065.0,34806500.0,0.0,,,
20260629,2026-06-29,2026,2,6,June,2026-2027,0.0,0.0,,0.0,3.0,155042.0,15504200.0,0.0,,,
20260630,2026-06-30,2026,2,6,June,2026-2027,0.0,0.0,,0.0,6.0,598942.0,59894200.0,0.0,,,
20260701,2026-07-01,2026,3,7,July,2026-2027,0.0,0.0,,0.0,1.0,119943.0,11994300.0,0.0,,,
20260702,2026-07-02,2026,3,7,July,2026-2027,0.0,0.0,,0.0,5.0,373837.0,37383700.0,0.0,,,
20260703,2026-07-03,2026,3,7,July,2026-2027,0.0,0.0,,0.0,4.0,198793.0,19879300.0,0.0,,,
20260704,2026-07-04,2026,3,7,July,2026-2027,0.0,0.0,,0.0,6.0,444279.0,44427900.0,0.0,,,
20260705,2026-07-05,2026,3,7,July,2026-2027,0.0,0.0,,0.0,4.0,371401.0,37140100.0,0.0,,,
20260706,2026-07-06,2026,3,7,July,2026-2027,0.0,0.0,,0.0,6.0,587940.0,58794000.0,0.0,,,
20260707,2026-07-07,2026,3,7,July,2026-2027,0.0,0.0,,0.0,5.0,459586.0,45958600.0,0.0,,,
20260708,2026-07-08,2026,3,7,July,2026-2027,0.0,0.0,,0.0,7.0,583483.0,58348300.0,0.0,,,
20260709,2026-07-09,2026,3,7,July,2026-2027,0.0,0.0,,0.0,8.0,413362.0,41336200.0,0.0,,,
20260710,2026-07-10,2026,3,7,July,2026-2027,0.0,0.0,,0.0,1.0,9587.0,958700.0,0.0,,,
20260711,2026-07-11,2026,3,7,July,2026-2027,0.0,0.0,,0.0,5.0,318521.0,31852100.0,0.0,,,
20260712,2026-07-12,2026,3,7,July,2026-2027,0.0,0.0,,0.0,6.0,372174.0,37217400.0,0.0,,,
20260713,2026-07-13,2026,3,7,July,2026-2027,0.0,0.0,,0.0,5.0,236326.0,23632600.0,0.0,,,
20260714,2026-07-14,2026,3,7,July,2026-2027,0.0,0.0,,0.0,1.0,110249.0,11024900.0,0.0,,,
20260715,2026-07-15,2026,3,7,July,2026-2027,0.0,0.0,,0.0,10.0,660877.0,66087700.0,0.0,,,
20260716,2026-07-16,2026,3,7,July,2026-2027,0.0,0.0,,0.0,5.0,433409.0,43340900.0,0.0,,,
20260717,2026-07-17,2026,3,7,July,2026-2027,0.0,0.0,,0.0,7.0,260719.0,26071900.0,0.0,,,
20260718,2026-07-18,2026,3,7,July,2026-2027,0.0,0.0,,0.0,5.0,456312.0,45631200.0,0.0,,,
20260719,2026-07-19,2026,3,7,July,2026-2027,0.0,0.0,,0.0,4.0,317864.0,31786400.0,0.0,,,
20260720,2026-07-20,2026,3,7,July,2026-2027,0.0,0.0,,0.0,4.0,185112.0,18511200.0,0.0,,,
20260721,2026-07-21,2026,3,7,July,2026-2027,0.0,0.0,,0.0,3.0,216060.0,21606000.0,0.0,,,
20260722,2026-07-22,2026,3,7,July,2026-2027,0.0,0.0,,0.0,5.0,351987.0,35198700.0,0.0,,,
20260723,2026-07-23,2026,3,7,July,2026-2027,0.0,0.0,,0.0,4.0,413498.0,41349800.0,0.0,,,
20260724,2026-07-24,2026,3,7,July,2026-2027,0.0,0.0,,0.0,5.0,300753.0,30075300.0,0.0,,,
20260725,2026-07-25,2026,3,7,July,2026-2027,0.0,0.0,,0.0,1.0,37247.0,3724700.0,0.0,,,
20260726,2026-07-26,2026,3,7,July,2026-2027,0.0,0.0,,0.0,4.0,379536.0,37953600.0,0.0,,,
20260727,2026-07-27,2026,3,7,July,2026-2027,0.0,0.0,,0.0,4.0,177143.0,17714300.0,0.0,,,
20260728,2026-07-28,2026,3,7,July,2026-2027,0.0,0.0,,0.0,8.0,547837.0,54783700.0,0.0,,,
20260729,2026-07-29,2026,3,7,July,2026-2027,0.0,0.0,,0.0,3.0,330205.0,33020500.0,0.0,,,
20260730,2026-07-30,2026,3,7,July,2026-2027,0.0,0.0,,0.0,10.0,1010800.0,101080000.0,0.0,,,
20260731,2026-07-31,2026,3,7,July,2026-2027,0.0,0.0,,0.0,8.0,572427.0,57242700.0,0.0,,,
20260801,2026-08-01,2026,3,8,August,2026-2027,0.0,0.0,,0.0,2.0,181920.0,18192000.0,0.0,,,
20260802,2026-08-02,2026,3,8,August,2026-2027,0.0,0.0,,0.0,3.0,230029.0,23002900.0,0.0,,,
20260803,2026-08-03,2026,3,8,August,2026-2027,0.0,0.0,,0.0,3.0,200868.0,20086800.0,0.0,,,
20260804,2026-08-04,2026,3,8,August,2026-2027,0.0,0.0,,0.0,9.0,744268.0,74426800.0,0.0,,,
20260805,2026-08-05,2026,3,8,August,2026-2027,0.0,0.0,,0.0,3.0,112630.0,11263000.0,0.0,,,
20260806,2026-08-06,2026,3,8,August,2026-2027,0.0,0.0,,0.0,7.0,474107.0,47410700.0,0.0,,,
20260807,2026-08-07,2026,3,8,August,2026-2027,0.0,0.0,,0.0,5.0,411543.0,41154300.0,0.0,,,
20260808,2026-08-08,2026,3,8,August,2026-2027,0.0,0.0,,0.0,5.0,442085.0,44208500.0,0.0,,,
20260809,2026-08-09,2026,3,8,August,2026-2027,0.0,0.0,,0.0,10.0,825174.0,82517400.0,0.0,,,
20260810,2026-08-10,2026,3,8,August,2026-2027,0.0,0.0,,0.0,3.0,153242.0,15324200.0,0.0,,,
20260811,2026-08-11,2026,3,8,August,2026-2027,0.0,0.0,,0.0,9.0,871595.0,87159500.0,0.0,,,
20260812,2026-08-12,2026,3,8,August,2026-2027,0.0,0.0,,0.0,6.0,603628.0,60362800.0,0.0,,,
20260813,2026-08-13,2026,3,8,August,2026-2027,0.0,0.0,,0.0,3.0,320952.0,32095200.0,0.0,,,
20260814,2026-08-14,2026,3,8,August,2026-2027,0.0,0.0,,0.0,7.0,516553.0,51655300.0,0.0,,,
20260815,2026-08-15,2026,3,8,August,2026-2027,0.0,0.0,,0.0,11.0,833765.0,83376500.0,0.0,,,
20260816,2026-08-16,2026,3,8,August,2026-2027,0.0,0.0,,0.0,7.0,523300.0,52330000.0,0.0,,,
20260817,2026-08-17,2026,3,8,August,2026-2027,0.0,0.0,,0.0,8.0,548131.0,54813100.0,0.0,,,
20260818,2026-08-18,2026,3,8,August,2026-2027,0.0,0.0,,0.0,4.0,261540.0,26154000.0,0.0,,,
20260819,2026-08-19,2026,3,8,August,2026-2027,0.0,0.0,,0.0,4.0,252963.0,25296300.0,0.0,,,
20260820,2026-08-20,2026,3,8,August,2026-2027,0.0,0.0,,0.0,3.0,158523.0,15852300.0,0.0,,,
20260821,2026-08-21,2026,3,8,August,2026-2027,0.0,0.0,,0.0,3.0,252687.0,25268700.0,0.0,,,
20260822,2026-08-22,2026,3,8,August,2026-2027,0.0,0.0,,0.0,4.0,355566.0,35556600.0,0.0,,,
20260823,2026-08-23,2026,3,8,August,2026-2027,0.0,0.0,,0.0,5.0,386011.0,38601100.0,0.0,,,
20260824,2026-08-24,2026,3,8,August,2026-2027,0.0,0.0,,0.0,3.0,288108.0,28810800.0,0.0,,,
20260825,2026-08-25,2026,3,8,August,2026-2027,0.0,0.0,,0.0,5.0,417446.0,41744600.0,0.0,,,
20260826,2026-08-26,2026,3,8,August,2026-2027,0.0,0.0,,0.0,7.0,265692.0,26569200.0,0.0,,,
20260827,2026-08-27,2026,3,8,August,2026-2027,0.0,0.0,,0.0,2.0,166434.0,16643400.0,0.0,,,
20260828,2026-08-28,2026,3,8,August,2026-2027,0.0,0.0,,0.0,5.0,460249.0,46024900.0,0.0,,,
20260829,2026-08-29,2026,3,8,August,2026-2027,0.0,0.0,,0.0,1.0,98672.0,9867200.0,0.0,,,
20260830,2026-08-30,2026,3,8,August,2026-2027,0.0,0.0,,0.0,4.0,188985.0,18898500.0,0.0,,,
20260831,2026-08-31,2026,3,8,August,2026-2027,0.0,0.0,,0.0,0.0,0.0,0.0,0.0,,,
20260901,2026-09-01,2026,3,9,September,2026-2027,0.0,0.0,,0.0,1.0,49850.0,4985000.0,0.0,,,
20260902,2026-09-02,2026,3,9,September,2026-2027,0.0,0.0,,0.0,1.0,67920.0,6792000.0,0.0,,,
20260903,2026-09-03,2026,3,9,September,2026-2027,0.0,0.0,,0.0,3.0,391903.0,39190300.0,0.0,,,
20260904,2026-09-04,2026,3,9,September,2026-2027,0.0,0.0,,0.0,4.0,223265.0,22326500.0,0.0,,,
20260905,2026-09-05,2026,3,9,September,2026-2027,0.0,0.0,,0.0,3.0,66296.0,6629600.0,0.0,,,
20260906,2026-09-06,2026,3,9,September,2026-2027,0.0,0.0,,0.0,7.0,426715.0,42671500.0,0.0,,,
20260907,2026-09-07,2026,3,9,September,2026-2027,0.0,0.0,,0.0,5.0,482396.0,48239600.0,0.0,,,
20260908,2026-09-08,2026,3,9,September,2026-2027,0.0,0.0,,0.0,5.0,357533.0,35753300.0,0.0,,,
20260909,2026-09-09,2026,3,9,September,2026-2027,0.0,0.0,,0.0,5.0,396307.0,39630700.0,0.0,,,
20260910,2026-09-10,2026,3,9,September,2026-2027,0.0,0.0,,0.0,4.0,225965.0,22596500.0,0.0,,,
20260911,2026-09-11,2026,3,9,September,2026-2027,0.0,0.0,,0.0,6.0,449962.0,44996200.0,0.0,,,
20260912,2026-09-12,2026,3,9,September,2026-2027,0.0,0.0,,0.0,4.0,171434.0,17143400.0,0.0,,,
20260913,2026-09-13,2026,3,9,September,2026-2027,0.0,0.0,,0.0,1.0,107809.0,10780900.0,0.0,,,
20260914,2026-09-14,2026,3,9,September,2026-2027,0.0,0.0,,0.0,5.0,402299.0,40229900.0,0.0,,,
20260915,2026-09-15,2026,3,9,September,2026-2027,0.0,0.0,,0.0,4.0,384527.0,38452700.0,0.0,,,
20260916,2026-09-16,2026,3,9,September,2026-2027,0.0,0.0,,0.0,14.0,769906.0,76990600.0,0.0,,,
20260917,2026-09-17,2026,3,9,September,2026-2027,0.0,0.0,,0.0,3.0,216637.0,21663700.0,0.0,,,
20260918,2026-09-18,2026,3,9,September,2026-2027,0.0,0.0,,0.0,7.0,491293.0,49129300.0,0.0,,,
20260919,2026-09-19,2026,3,9,September,2026-2027,0.0,0.0,,0.0,5.0,349863.0,34986300.0,0.0,,,
20260920,2026-09-20,2026,3,9,September,2026-2027,0.0,0.0,,0.0,3.0,190938.0,19093800.0,0.0,,,
20260921,2026-09-21,2026,3,9,September,2026-2027,0.0,0.0,,0.0,7.0,675382.0,67538200.0,0.0,,,
20260922,2026-09-22,2026,3,9,September,2026-2027,0.0,0.0,,0.0,5.0,208195.0,20819500.0,0.0,,,
20260923,2026-09-23,2026,3,9,September,2026-2027,0.0,0.0,,0.0,5.0,473417.0,47341700.0,0.0,,,
20260924,2026-09-24,2026,3,9,September,2026-2027,0.0,0.0,,0.0,3.0,304566.0,30456600.0,0.0,,,
20260925,2026-09-25,2026,3,9,September,2026-2027,0.0,0.0,,0.0,2.0,177126.0,17712600.0,0.0,,,
20260926,2026-09-26,2026,3,9,September,2026-2027,0.0,0.0,,0.0,4.0,469139.0,46913900.0,0.0,,,
20260927,2026-09-27,2026,3,9,September,2026-2027,0.0,0.0,,0.0,2.0,165752.0,16575200.0,0.0,,,
20260928,2026-09-28,2026,3,9,September,2026-2027,0.0,0.0,,0.0,5.0,446567.0,44656700.0,0.0,,,
20260929,2026-09-29,2026,3,9,September,2026-2027,0.0,0.0,,0.0,5.0,591177.0,59117700.0,0.0,,,
20260930,2026-09-30,2026,3,9,September,2026-2027,0.0,0.0,,0.0,8.0,567433.0,56743300.0,0.0,,,
20261001,2026-10-01,2026,4,10,October,2026-2027,0.0,0.0,,0.0,1.0,148656.0,14865600.0,0.0,,,
20261002,2026-10-02,2026,4,10,October,2026-2027,0.0,0.0,,0.0,4.0,417831.0,41783100.0,0.0,,,
20261003,2026-10-03,2026,4,10,October,2026-2027,0.0,0.0,,0.0,3.0,151872.0,15187200.0,0.0,,,
20261004,2026-10-04,2026,4,10,October,2026-2027,0.0,0.0,,0.0,5.0,233737.0,23373700.0,0.0,,,
20261005,2026-10-05,2026,4,10,October,2026-2027,0.0,0.0,,0.0,4.0,351033.0,35103300.0,0.0,,,
20261006,2026-10-06,2026,4,10,October,2026-2027,0.0,0.0,,0.0,7.0,773923.0,77392300.0,0.0,,,
20261007,2026-10-07,2026,4,10,October,2026-2027,0.0,0.0,,0.0,4.0,341494.0,34149400.0,0.0,,,
20261008,2026-10-08,2026,4,10,October,2026-2027,0.0,0.0,,0.0,3.0,215851.0,21585100.0,0.0,,,
20261009,2026-10-09,2026,4,10,October,2026-2027,0.0,0.0,,0.0,4.0,346731.0,34673100.0,0.0,,,
20261010,2026-10-10,2026,4,10,October,2026-2027,0.0,0.0,,0.0,4.0,384769.0,38476900.0,0.0,,,
20261011,2026-10-11,2026,4,10,October,2026-2027,0.0,0.0,,0.0,6.0,543454.0,54345400.0,0.0,,,
20261012,2026-10-12,2026,4,10,October,2026-2027,0.0,0.0,,0.0,1.0,137004.0,13700400.0,0.0,,,
20261013,2026-10-13,2026,4,10,October,2026-2027,0.0,0.0,,0.0,8.0,496021.0,49602100.0,0.0,,,
20261014,2026-10-14,2026,4,10,October,2026-2027,0.0,0.0,,0.0,3.0,381582.0,38158200.0,0.0,,,
20261015,2026-10-15,2026,4,10,October,2026-2027,0.0,0.0,,0.0,3.0,236453.0,23645300.0,0.0,,,
20261016,2026-10-16,2026,4,10,October,2026-2027,0.0,0.0,,0.0,4.0,342397.0,34239700.0,0.0,,,
20261017,2026-10-17,2026,4,10,October,2026-2027,0.0,0.0,,0.0,6.0,494676.0,49467600.0,0.0,,,
20261018,2026-10-18,2026,4,10,October,2026-2027,0.0,0.0,,0.0,4.0,465199.0,46519900.0,0.0,,,
20261019,2026-10-19,2026,4,10,October,2026-2027,0.0,0.0,,0.0,3.0,262575.0,26257500.0,0.0,,,
20261020,2026-10-20,2026,4,10,October,2026-2027,0.0,0.0,,0.0,7.0,466551.0,46655100.0,0.0,,,
20261021,2026-10-21,2026,4,10,October,2026-2027,0.0,0.0,,0.0,5.0,274955.0,27495500.0,0.0,,,
20261022,2026-10-22,2026,4,10,October,2026-2027,0.0,0.0,,0.0,5.0,347987.0,34798700.0,0.0,,,
20261023,2026-10-23,2026,4,10,October,2026-2027,0.0,0.0,,0.0,3.0,177251.0,17725100.0,0.0,,,
20261024,2026-10-24,2026,4,10,October,2026-2027,0.0,0.0,,0.0,5.0,270163.0,27016300.0,0.0,,,
20261025,2026-10-25,2026,4,10,October,2026-2027,0.0,0.0,,0.0,3.0,159580.0,15958000.0,0.0,,,
20261026,2026-10-26,2026,4,10,October,2026-2027,0.0,0.0,,0.0,2.0,103033.0,10303300.0,0.0,,,
20261027,2026-10-27,2026,4,10,October,2026-2027,0.0,0.0,,0.0,6.0,469568.0,46956800.0,0.0,,,
20261028,2026-10-28,2026,4,10,October,2026-2027,0.0,0.0,,0.0,4.0,378684.0,37868400.0,0.0,,,
20261029,2026-10-29,2026,4,10,October,2026-2027,0.0,0.0,,0.0,2.0,155488.0,15548800.0,0.0,,,
20261030,2026-10-30,2026,4,10,October,2026-2027,0.0,0.0,,0.0,2.0,106078.0,10607800.0,0.0,,,
20261031,2026-10-31,2026,4,10,October,2026-2027,0.0,0.0,,0.0,3.0,220595.0,22059500.0,0.0,,,
20261101,2026-11-01,2026,4,11,November,2026-2027,0.0,0.0,,0.0,6.0,431710.0,43171000.0,0.0,,,
20261102,2026-11-02,2026,4,11,November,2026-2027,0.0,0.0,,0.0,4.0,552763.0,55276300.0,0.0,,,
20261103,2026-11-03,2026,4,11,November,2026-2027,0.0,0.0,,0.0,2.0,291460.0,29146000.0,0.0,,,
20261104,2026-11-04,2026,4,11,November,2026-2027,0.0,0.0,,0.0,6.0,586470.0,58647000.0,0.0,,,
20261105,2026-11-05,2026,4,11,November,2026-2027,0.0,0.0,,0.0,5.0,560284.0,56028400.0,0.0,,,
20261106,2026-11-06,2026,4,11,November,2026-2027,0.0,0.0,,0.0,1.0,107166.0,10716600.0,0.0,,,
20261107,2026-11-07,2026,4,11,November,2026-2027,0.0,0.0,,0.0,4.0,255033.0,25503300.0,0.0,,,
20261108,2026-11-08,2026,4,11,November,2026-2027,0.0,0.0,,0.0,2.0,229352.0,22935200.0,0.0,,,
20261109,2026-11-09,2026,4,11,November,2026-2027,0.0,0.0,,0.0,4.0,315251.0,31525100.0,0.0,,,
20261110,2026-11-10,2026,4,11,November,2026-2027,0.0,0.0,,0.0,1.0,71768.0,7176800.0,0.0,,,
20261111,2026-11-11,2026,4,11,November,2026-2027,0.0,0.0,,0.0,5.0,536796.0,53679600.0,0.0,,,
20261112,2026-11-12,2026,4,11,November,2026-2027,0.0,0.0,,0.0,6.0,372083.0,37208300.0,0.0,,,
20261113,2026-11-13,2026,4,11,November,2026-2027,0.0,0.0,,0.0,6.0,398231.0,39823100.0,0.0,,,
20261114,2026-11-14,2026,4,11,November,2026-2027,0.0,0.0,,0.0,5.0,414931.0,41493100.0,0.0,,,
20261115,2026-11-15,2026,4,11,November,2026-2027,0.0,0.0,,0.0,4.0,216576.0,21657600.0,0.0,,,
20261116,2026-11-16,2026,4,11,November,2026-2027,0.0,0.0,,0.0,3.0,196918.0,19691800.0,0.0,,,
20261117,2026-11-17,2026,4,11,November,2026-2027,0.0,0.0,,0.0,5.0,420320.0,42032000.0,0.0,,,
20261118,2026-11-18,2026,4,11,November,2026-2027,0.0,0.0,,0.0,7.0,722789.0,72278900.0,0.0,,,
20261119,2026-11-19,2026,4,11,November,2026-2027,0.0,0.0,,0.0,4.0,261178.0,26117800.0,0.0,,,
20261120,2026-11-20,2026,4,11,November,2026-2027,0.0,0.0,,0.0,7.0,663738.0,66373800.0,0.0,,,
20261121,2026-11-21,2026,4,11,November,2026-2027,0.0,0.0,,0.0,3.0,150177.0,15017700.0,0.0,,,
20261122,2026-11-22,2026,4,11,November,2026-2027,0.0,0.0,,0.0,10.0,930765.0,93076500.0,0.0,,,
20261123,2026-11-23,2026,4,11,November,2026-2027,0.0,0.0,,0.0,4.0,377913.0,37791300.0,0.0,,,
20261124,2026-11-24,2026,4,11,November,2026-2027,0.0,0.0,,0.0,3.0,315285.0,31528500.0,0.0,,,
20261125,2026-11-25,2026,4,11,November,2026-2027,0.0,0.0,,0.0,5.0,408413.0,40841300.0,0.0,,,
20261126,2026-11-26,2026,4,11,November,2026-2027,0.0,0.0,,0.0,4.0,385557.0,38555700.0,0.0,,,
20261127,2026-11-27,2026,4,11,November,2026-2027,0.0,0.0,,0.0,7.0,331463.0,33146300.0,0.0,,,
20261128,2026-11-28,2026,4,11,November,2026-2027,0.0,0.0,,0.0,6.0,396622.0,39662200.0,0.0,,,
20261129,2026-11-29,2026,4,11,November,2026-2027,0.0,0.0,,0.0,3.0,202898.0,20289800.0,0.0,,,
20261130,2026-11-30,2026,4,11,November,2026-2027,0.0,0.0,,0.0,3.0,249034.0,24903400.0,0.0,,,
20261201,2026-12-01,2026,4,12,December,2026-2027,0.0,0.0,,0.0,4.0,310674.0,31067400.0,0.0,,,
20261202,2026-12-02,2026,4,12,December,2026-2027,0.0,0.0,,0.0,5.0,303365.0,30336500.0,0.0,,,
20261203,2026-12-03,2026,4,12,December,2026-2027,0.0,0.0,,0.0,4.0,395888.0,39588800.0,0.0,,,
20261204,2026-12-04,2026,4,12,December,2026-2027,0.0,0.0,,0.0,5.0,436453.0,43645300.0,0.0,,,
20261205,2026-12-05,2026,4,12,December,2026-2027,0.0,0.0,,0.0,8.0,630390.0,63039000.0,0.0,,,
20261206,2026-12-06,2026,4,12,December,2026-2027,0.0,0.0,,0.0,4.0,265181.0,26518100.0,0.0,,,
20261207,2026-12-07,2026,4,12,December,2026-2027,0.0,0.0,,0.0,6.0,434400.0,43440000.0,0.0,,,
20261208,2026-12-08,2026,4,12,December,2026-2027,0.0,0.0,,0.0,2.0,184773.0,18477300.0,0.0,,,
20261209,2026-12-09,2026,4,12,December,2026-2027,0.0,0.0,,0.0,2.0,154078.0,15407800.0,0.0,,,
20261210,2026-12-10,2026,4,12,December,2026-2027,0.0,0.0,,0.0,6.0,433067.0,43306700.0,0.0,,,
20261211,2026-12-11,2026,4,12,December,2026-2027,0.0,0.0,,0.0,5.0,266722.0,26672200.0,0.0,,,
20261212,2026-12-12,2026,4,12,December,2026-2027,0.0,0.0,,0.0,3.0,305261.0,30526100.0,0.0,,,
20261213,2026-12-13,2026,4,12,December,2026-2027,0.0,0.0,,0.0,2.0,63296.0,6329600.0,0.0,,,
20261214,2026-12-14,2026,4,12,December,2026-2027,0.0,0.0,,0.0,10.0,774182.0,77418200.0,0.0,,,
20261215,2026-12-15,2026,4,12,December,2026-2027,0.0,0.0,,0.0,5.0,357585.0,35758500.0,0.0,,,
20261216,2026-12-16,2026,4,12,December,2026-2027,0.0,0.0,,0.0,4.0,163787.0,16378700.0,0.0,,,
20261217,2026-12-17,2026,4,12,December,2026-2027,0.0,0.0,,0.0,5.0,430123.0,43012300.0,0.0,,,
20261218,2026-12-18,2026,4,12,December,2026-2027,0.0,0.0,,0.0,4.0,287311.0,28731100.0,0.0,,,
20261219,2026-12-19,2026,4,12,December,2026-2027,0.0,0.0,,0.0,6.0,566690.0,56669000.0,0.0,,,
20261220,2026-12-20,2026,4,12,December,2026-2027,0.0,0.0,,0.0,4.0,350915.0,35091500.0,0.0,,,
20261221,2026-12-21,2026,4,12,December,2026-2027,0.0,0.0,,0.0,2.0,201453.0,20145300.0,0.0,,,
20261222,2026-12-22,2026,4,12,December,2026-2027,0.0,0.0,,0.0,2.0,156833.0,15683300.0,0.0,,,
20261223,2026-12-23,2026,4,12,December,2026-2027,0.0,0.0,,0.0,2.0,118490.0,11849000.0,0.0,,,
20261224,2026-12-24,2026,4,12,December,2026-2027,0.0,0.0,,0.0,3.0,179301.0,17930100.0,0.0,,,
20261225,2026-12-25,2026,4,12,December,2026-2027,0.0,0.0,,0.0,6.0,536710.0,53671000.0,0.0,,,
20261226,2026-12-26,2026,4,12,December,2026-2027,0.0,0.0,,0.0,3.0,220956.0,22095600.0,0.0,,,
20261227,2026-12-27,2026,4,12,December,2026-2027,0.0,0.0,,0.0,3.0,187945.0,18794500.0,0.0,,,
20261228,2026-12-28,2026,4,12,December,2026-2027,0.0,0.0,,0.0,7.0,472073.0,47207300.0,0.0,,,
20261229,2026-12-29,2026,4,12,December,2026-2027,0.0,0.0,,0.0,2.0,210118.0,21011800.0,0.0,,,
20261230,2026-12-30,2026,4,12,December,2026-2027,0.0,0.0,,0.0,8.0,452643.0,45264300.0,0.0,,,
20261231,2026-12-31,2026,4,12,December,2026-2027,0.0,0.0,,0.0,716.0,57860476.0,5786047600.0,0.0,,,
